# CSS properties from @webref/css 8.7.5 (generated): name, syntax, keywords, spec link
-webkit-align-content	normal | <baseline-position> | <content-distribution> | <overflow-position>? <content-position>	normal first last baseline space-between space-around space-evenly stretch unsafe safe center start end flex-start flex-end	https://compat.spec.whatwg.org/#propdef--webkit-align-content
-webkit-align-items	normal | stretch | <baseline-position> | <overflow-position>? <self-position>	normal stretch first last baseline unsafe safe center start end self-start self-end flex-start flex-end	https://compat.spec.whatwg.org/#propdef--webkit-align-items
-webkit-align-self	auto | <overflow-position>? [ normal | <self-position> ]| stretch | <baseline-position>	auto unsafe safe normal center start end self-start self-end flex-start flex-end stretch first last baseline	https://compat.spec.whatwg.org/#propdef--webkit-align-self
-webkit-animation	<single-animation>#	auto linear ease ease-in ease-out ease-in-out step-start step-end infinite normal reverse alternate alternate-reverse none forwards backwards both running paused	https://compat.spec.whatwg.org/#propdef--webkit-animation
-webkit-animation-delay	<time>#		https://compat.spec.whatwg.org/#propdef--webkit-animation-delay
-webkit-animation-direction	<single-animation-direction>#	normal reverse alternate alternate-reverse	https://compat.spec.whatwg.org/#propdef--webkit-animation-direction
-webkit-animation-duration	<time [0s,∞]>#		https://compat.spec.whatwg.org/#propdef--webkit-animation-duration
-webkit-animation-fill-mode	<single-animation-fill-mode>#	none forwards backwards both	https://compat.spec.whatwg.org/#propdef--webkit-animation-fill-mode
-webkit-animation-iteration-count	<single-animation-iteration-count>#	infinite	https://compat.spec.whatwg.org/#propdef--webkit-animation-iteration-count
-webkit-animation-name	[ none | <keyframes-name> ]#	none	https://compat.spec.whatwg.org/#propdef--webkit-animation-name
-webkit-animation-play-state	<single-animation-play-state>#	running paused	https://compat.spec.whatwg.org/#propdef--webkit-animation-play-state
-webkit-animation-timing-function	<easing-function>#	linear ease ease-in ease-out ease-in-out step-start step-end	https://compat.spec.whatwg.org/#propdef--webkit-animation-timing-function
-webkit-appearance	none | auto | base | base-select | <compat-auto> | <compat-special>	none auto base base-select searchfield textarea checkbox radio menulist listbox meter progress-bar button textfield menulist-button	https://drafts.csswg.org/css-ui-4/#propdef--webkit-appearance
-webkit-backface-visibility	visible | hidden	visible hidden	https://compat.spec.whatwg.org/#propdef--webkit-backface-visibility
-webkit-background-clip	<visual-box>#	content-box padding-box border-box	https://compat.spec.whatwg.org/#propdef--webkit-background-clip
-webkit-background-origin	<visual-box>#	content-box padding-box border-box	https://compat.spec.whatwg.org/#propdef--webkit-background-origin
-webkit-background-size	<bg-size>#	auto cover contain	https://compat.spec.whatwg.org/#propdef--webkit-background-size
-webkit-border-bottom-left-radius	<border-radius>		https://compat.spec.whatwg.org/#propdef--webkit-border-bottom-left-radius
-webkit-border-bottom-right-radius	<border-radius>		https://compat.spec.whatwg.org/#propdef--webkit-border-bottom-right-radius
-webkit-border-radius	<length-percentage [0,∞]>{1,4} [ / <length-percentage [0,∞]>{1,4} ]?		https://compat.spec.whatwg.org/#propdef--webkit-border-radius
-webkit-border-top-left-radius	<border-radius>		https://compat.spec.whatwg.org/#propdef--webkit-border-top-left-radius
-webkit-border-top-right-radius	<border-radius>		https://compat.spec.whatwg.org/#propdef--webkit-border-top-right-radius
-webkit-box-align			https://compat.spec.whatwg.org/#propdef--webkit-box-align
-webkit-box-flex			https://compat.spec.whatwg.org/#propdef--webkit-box-flex
-webkit-box-ordinal-group			https://compat.spec.whatwg.org/#propdef--webkit-box-ordinal-group
-webkit-box-orient			https://compat.spec.whatwg.org/#propdef--webkit-box-orient
-webkit-box-pack			https://compat.spec.whatwg.org/#propdef--webkit-box-pack
-webkit-box-shadow	<spread-shadow>#	aliceblue antiquewhite aqua aquamarine azure beige bisque black blanchedalmond blue blueviolet brown burlywood cadetblue chartreuse chocolate coral cornflowerblue cornsilk crimson cyan darkblue darkcyan darkgoldenrod darkgray darkgreen darkgrey darkkhaki darkmagenta darkolivegreen darkorange darkorchid darkred darksalmon darkseagreen darkslateblue darkslategray darkslategrey darkturquoise darkviolet deeppink deepskyblue dimgray dimgrey dodgerblue firebrick floralwhite forestgreen fuchsia gainsboro ghostwhite gold goldenrod gray green greenyellow grey honeydew hotpink indianred indigo ivory khaki lavender lavenderblush lawngreen lemonchiffon lightblue lightcoral lightcyan lightgoldenrodyellow lightgray lightgreen lightgrey lightpink lightsalmon lightseagreen lightskyblue lightslategray lightslategrey lightsteelblue lightyellow lime limegreen linen magenta maroon mediumaquamarine mediumblue mediumorchid mediumpurple mediumseagreen mediumslateblue mediumspringgreen mediumturquoise mediumvioletred midnightblue mintcream mistyrose moccasin navajowhite navy oldlace olive olivedrab orange orangered orchid palegoldenrod palegreen paleturquoise palevioletred papayawhip peachpuff peru pink plum powderblue purple rebeccapurple red rosybrown royalblue saddlebrown salmon sandybrown seagreen seashell sienna silver skyblue slateblue slategray slategrey snow springgreen steelblue tan teal thistle tomato turquoise violet wheat white whitesmoke yellow yellowgreen transparent currentColor AccentColor AccentColorText ActiveText ButtonBorder ButtonFace ButtonText Canvas CanvasText Field FieldText GrayText Highlight HighlightText LinkText Mark MarkText SelectedItem SelectedItemText VisitedText ActiveBorder ActiveCaption AppWorkspace Background ButtonHighlight ButtonShadow CaptionText InactiveBorder InactiveCaption InactiveCaptionText InfoBackground InfoText Menu MenuText Scrollbar ThreeDDarkShadow ThreeDFace ThreeDHighlight ThreeDLightShadow ThreeDShadow Window WindowFrame WindowText outset inset none	https://compat.spec.whatwg.org/#propdef--webkit-box-shadow
-webkit-box-sizing	content-box | border-box	content-box border-box	https://compat.spec.whatwg.org/#propdef--webkit-box-sizing
-webkit-filter	none | <filter-value-list>	none	https://compat.spec.whatwg.org/#propdef--webkit-filter
-webkit-flex	none | [ <'flex-grow'> <'flex-shrink'>? || <'flex-basis'> ]	auto stretch contain min-content max-content fit-content width height block inline self-block self-inline content none	https://compat.spec.whatwg.org/#propdef--webkit-flex-propdef
-webkit-flex-basis	content | <'width'>	auto stretch contain min-content max-content fit-content width height block inline self-block self-inline content	https://compat.spec.whatwg.org/#propdef--webkit-flex-basis
-webkit-flex-direction	row | row-reverse | column | column-reverse	row row-reverse column column-reverse	https://compat.spec.whatwg.org/#propdef--webkit-flex-direction
-webkit-flex-flow	<'flex-direction'> || <'flex-wrap'>	row row-reverse column column-reverse nowrap wrap wrap-reverse balance	https://compat.spec.whatwg.org/#propdef--webkit-flex-flow
-webkit-flex-grow	<number [0,∞]>		https://compat.spec.whatwg.org/#propdef--webkit-flex-grow
-webkit-flex-shrink	<number [0,∞]>		https://compat.spec.whatwg.org/#propdef--webkit-flex-shrink
-webkit-flex-wrap	nowrap | [ wrap | wrap-reverse ] || balance	nowrap wrap wrap-reverse balance	https://compat.spec.whatwg.org/#propdef--webkit-flex-wrap
-webkit-justify-content	normal | <content-distribution> | <overflow-position>? [ <content-position> | left | right ]	normal space-between space-around space-evenly stretch unsafe safe center start end flex-start flex-end left right	https://compat.spec.whatwg.org/#propdef--webkit-justify-content
-webkit-line-clamp	none | <integer [1,∞]>	none	https://drafts.csswg.org/css-overflow-4/#propdef--webkit-line-clamp
-webkit-mask	<mask-layer>#	none left center right top bottom x-start x-end y-start y-end block-start block-end inline-start inline-end start end auto cover contain repeat-x repeat-y repeat-block repeat-inline repeat space round no-repeat content-box padding-box border-box margin-box half-border-box fill-box stroke-box view-box no-clip add subtract intersect exclude alpha luminance match-source	https://compat.spec.whatwg.org/#propdef--webkit-mask
-webkit-mask-box-image	<'mask-border-source'> || <'mask-border-slice'> [ / <'mask-border-width'>? [ / <'mask-border-outset'> ]? ]? || <'mask-border-repeat'> || <'mask-border-mode'>	none fill auto stretch repeat round space luminance alpha	https://compat.spec.whatwg.org/#propdef--webkit-mask-box-image
-webkit-mask-box-image-outset	<'border-image-outset'>		https://compat.spec.whatwg.org/#propdef--webkit-mask-box-image-outset
-webkit-mask-box-image-repeat	<'border-image-repeat'>	stretch repeat round space	https://compat.spec.whatwg.org/#propdef--webkit-mask-box-image-repeat
-webkit-mask-box-image-slice	<'border-image-slice'>	fill	https://compat.spec.whatwg.org/#propdef--webkit-mask-box-image-slice
-webkit-mask-box-image-source	<'border-image-source'>	none	https://compat.spec.whatwg.org/#propdef--webkit-mask-box-image-source
-webkit-mask-box-image-width	<'border-image-width'>	auto	https://compat.spec.whatwg.org/#propdef--webkit-mask-box-image-width
-webkit-mask-clip	[ <coord-box> | no-clip ]#	content-box padding-box border-box fill-box stroke-box view-box no-clip	https://compat.spec.whatwg.org/#propdef--webkit-mask-clip
-webkit-mask-composite	<compositing-operator>#	add subtract intersect exclude	https://compat.spec.whatwg.org/#propdef--webkit-mask-composite
-webkit-mask-image	<mask-reference>#	none	https://compat.spec.whatwg.org/#propdef--webkit-mask-image
-webkit-mask-origin	<coord-box>#	content-box padding-box border-box fill-box stroke-box view-box	https://compat.spec.whatwg.org/#propdef--webkit-mask-origin
-webkit-mask-position	<position>#	left center right top bottom x-start x-end y-start y-end block-start block-end inline-start inline-end start end	https://compat.spec.whatwg.org/#propdef--webkit-mask-position
-webkit-mask-repeat	<repeat-style>#	repeat-x repeat-y repeat-block repeat-inline repeat space round no-repeat	https://compat.spec.whatwg.org/#propdef--webkit-mask-repeat
-webkit-mask-size	<bg-size>#	auto cover contain	https://compat.spec.whatwg.org/#propdef--webkit-mask-size
-webkit-order	<integer>		https://compat.spec.whatwg.org/#propdef--webkit-order
-webkit-perspective	none | <length [0,∞]>	none	https://compat.spec.whatwg.org/#propdef--webkit-perspective
-webkit-perspective-origin	<position>	left center right top bottom x-start x-end y-start y-end block-start block-end inline-start inline-end start end	https://compat.spec.whatwg.org/#propdef--webkit-perspective-origin
-webkit-text-fill-color	<color>	aliceblue antiquewhite aqua aquamarine azure beige bisque black blanchedalmond blue blueviolet brown burlywood cadetblue chartreuse chocolate coral cornflowerblue cornsilk crimson cyan darkblue darkcyan darkgoldenrod darkgray darkgreen darkgrey darkkhaki darkmagenta darkolivegreen darkorange darkorchid darkred darksalmon darkseagreen darkslateblue darkslategray darkslategrey darkturquoise darkviolet deeppink deepskyblue dimgray dimgrey dodgerblue firebrick floralwhite forestgreen fuchsia gainsboro ghostwhite gold goldenrod gray green greenyellow grey honeydew hotpink indianred indigo ivory khaki lavender lavenderblush lawngreen lemonchiffon lightblue lightcoral lightcyan lightgoldenrodyellow lightgray lightgreen lightgrey lightpink lightsalmon lightseagreen lightskyblue lightslategray lightslategrey lightsteelblue lightyellow lime limegreen linen magenta maroon mediumaquamarine mediumblue mediumorchid mediumpurple mediumseagreen mediumslateblue mediumspringgreen mediumturquoise mediumvioletred midnightblue mintcream mistyrose moccasin navajowhite navy oldlace olive olivedrab orange orangered orchid palegoldenrod palegreen paleturquoise palevioletred papayawhip peachpuff peru pink plum powderblue purple rebeccapurple red rosybrown royalblue saddlebrown salmon sandybrown seagreen seashell sienna silver skyblue slateblue slategray slategrey snow springgreen steelblue tan teal thistle tomato turquoise violet wheat white whitesmoke yellow yellowgreen transparent currentColor AccentColor AccentColorText ActiveText ButtonBorder ButtonFace ButtonText Canvas CanvasText Field FieldText GrayText Highlight HighlightText LinkText Mark MarkText SelectedItem SelectedItemText VisitedText ActiveBorder ActiveCaption AppWorkspace Background ButtonHighlight ButtonShadow CaptionText InactiveBorder InactiveCaption InactiveCaptionText InfoBackground InfoText Menu MenuText Scrollbar ThreeDDarkShadow ThreeDFace ThreeDHighlight ThreeDLightShadow ThreeDShadow Window WindowFrame WindowText	https://compat.spec.whatwg.org/#propdef--webkit-text-fill-color
-webkit-text-size-adjust	auto | none | <percentage [0,∞]>	auto none	https://compat.spec.whatwg.org/#propdef--webkit-text-size-adjust
-webkit-text-stroke	<line-width> || <color>	hairline thin medium thick aliceblue antiquewhite aqua aquamarine azure beige bisque black blanchedalmond blue blueviolet brown burlywood cadetblue chartreuse chocolate coral cornflowerblue cornsilk crimson cyan darkblue darkcyan darkgoldenrod darkgray darkgreen darkgrey darkkhaki darkmagenta darkolivegreen darkorange darkorchid darkred darksalmon darkseagreen darkslateblue darkslategray darkslategrey darkturquoise darkviolet deeppink deepskyblue dimgray dimgrey dodgerblue firebrick floralwhite forestgreen fuchsia gainsboro ghostwhite gold goldenrod gray green greenyellow grey honeydew hotpink indianred indigo ivory khaki lavender lavenderblush lawngreen lemonchiffon lightblue lightcoral lightcyan lightgoldenrodyellow lightgray lightgreen lightgrey lightpink lightsalmon lightseagreen lightskyblue lightslategray lightslategrey lightsteelblue lightyellow lime limegreen linen magenta maroon mediumaquamarine mediumblue mediumorchid mediumpurple mediumseagreen mediumslateblue mediumspringgreen mediumturquoise mediumvioletred midnightblue mintcream mistyrose moccasin navajowhite navy oldlace olive olivedrab orange orangered orchid palegoldenrod palegreen paleturquoise palevioletred papayawhip peachpuff peru pink plum powderblue purple rebeccapurple red rosybrown royalblue saddlebrown salmon sandybrown seagreen seashell sienna silver skyblue slateblue slategray slategrey snow springgreen steelblue tan teal thistle tomato turquoise violet wheat white whitesmoke yellow yellowgreen transparent currentColor AccentColor AccentColorText ActiveText ButtonBorder ButtonFace ButtonText Canvas CanvasText Field FieldText GrayText Highlight HighlightText LinkText Mark MarkText SelectedItem SelectedItemText VisitedText ActiveBorder ActiveCaption AppWorkspace Background ButtonHighlight ButtonShadow CaptionText InactiveBorder InactiveCaption InactiveCaptionText InfoBackground InfoText Menu MenuText Scrollbar ThreeDDarkShadow ThreeDFace ThreeDHighlight ThreeDLightShadow ThreeDShadow Window WindowFrame WindowText	https://compat.spec.whatwg.org/#propdef--webkit-text-stroke
-webkit-text-stroke-color	<color>	aliceblue antiquewhite aqua aquamarine azure beige bisque black blanchedalmond blue blueviolet brown burlywood cadetblue chartreuse chocolate coral cornflowerblue cornsilk crimson cyan darkblue darkcyan darkgoldenrod darkgray darkgreen darkgrey darkkhaki darkmagenta darkolivegreen darkorange darkorchid darkred darksalmon darkseagreen darkslateblue darkslategray darkslategrey darkturquoise darkviolet deeppink deepskyblue dimgray dimgrey dodgerblue firebrick floralwhite forestgreen fuchsia gainsboro ghostwhite gold goldenrod gray green greenyellow grey honeydew hotpink indianred indigo ivory khaki lavender lavenderblush lawngreen lemonchiffon lightblue lightcoral lightcyan lightgoldenrodyellow lightgray lightgreen lightgrey lightpink lightsalmon lightseagreen lightskyblue lightslategray lightslategrey lightsteelblue lightyellow lime limegreen linen magenta maroon mediumaquamarine mediumblue mediumorchid mediumpurple mediumseagreen mediumslateblue mediumspringgreen mediumturquoise mediumvioletred midnightblue mintcream mistyrose moccasin navajowhite navy oldlace olive olivedrab orange orangered orchid palegoldenrod palegreen paleturquoise palevioletred papayawhip peachpuff peru pink plum powderblue purple rebeccapurple red rosybrown royalblue saddlebrown salmon sandybrown seagreen seashell sienna silver skyblue slateblue slategray slategrey snow springgreen steelblue tan teal thistle tomato turquoise violet wheat white whitesmoke yellow yellowgreen transparent currentColor AccentColor AccentColorText ActiveText ButtonBorder ButtonFace ButtonText Canvas CanvasText Field FieldText GrayText Highlight HighlightText LinkText Mark MarkText SelectedItem SelectedItemText VisitedText ActiveBorder ActiveCaption AppWorkspace Background ButtonHighlight ButtonShadow CaptionText InactiveBorder InactiveCaption InactiveCaptionText InfoBackground InfoText Menu MenuText Scrollbar ThreeDDarkShadow ThreeDFace ThreeDHighlight ThreeDLightShadow ThreeDShadow Window WindowFrame WindowText	https://compat.spec.whatwg.org/#propdef--webkit-text-stroke-color
-webkit-text-stroke-width	<line-width>	hairline thin medium thick	https://compat.spec.whatwg.org/#propdef--webkit-text-stroke-width
-webkit-transform	none | <transform-list>	none	https://compat.spec.whatwg.org/#propdef--webkit-transform
-webkit-transform-origin	[ left | center | right | top | bottom | <length-percentage> ] | [ left | center | right | <length-percentage> ] [ top | center | bottom | <length-percentage> ] <length>? | [ [ center | left | right ] && [ center | top | bottom ] ] <length>?	left center right top bottom	https://compat.spec.whatwg.org/#propdef--webkit-transform-origin
-webkit-transform-style	flat | preserve-3d	flat preserve-3d	https://compat.spec.whatwg.org/#propdef--webkit-transform-style
-webkit-transition	<single-transition>#	none all linear ease ease-in ease-out ease-in-out step-start step-end normal allow-discrete	https://compat.spec.whatwg.org/#propdef--webkit-transition
-webkit-transition-delay	<time>#		https://compat.spec.whatwg.org/#propdef--webkit-transition-delay
-webkit-transition-duration	<time [0s,∞]>#		https://compat.spec.whatwg.org/#propdef--webkit-transition-duration
-webkit-transition-property	none | <single-transition-property>#	none all	https://compat.spec.whatwg.org/#propdef--webkit-transition-property
-webkit-transition-timing-function	<easing-function>#	linear ease ease-in ease-out ease-in-out step-start step-end	https://compat.spec.whatwg.org/#propdef--webkit-transition-timing-function
-webkit-user-select	auto | text | none | contain | all	auto text none contain all	https://drafts.csswg.org/css-ui-4/#propdef--webkit-user-select
accent-color	auto | <color>	auto aliceblue antiquewhite aqua aquamarine azure beige bisque black blanchedalmond blue blueviolet brown burlywood cadetblue chartreuse chocolate coral cornflowerblue cornsilk crimson cyan darkblue darkcyan darkgoldenrod darkgray darkgreen darkgrey darkkhaki darkmagenta darkolivegreen darkorange darkorchid darkred darksalmon darkseagreen darkslateblue darkslategray darkslategrey darkturquoise darkviolet deeppink deepskyblue dimgray dimgrey dodgerblue firebrick floralwhite forestgreen fuchsia gainsboro ghostwhite gold goldenrod gray green greenyellow grey honeydew hotpink indianred indigo ivory khaki lavender lavenderblush lawngreen lemonchiffon lightblue lightcoral lightcyan lightgoldenrodyellow lightgray lightgreen lightgrey lightpink lightsalmon lightseagreen lightskyblue lightslategray lightslategrey lightsteelblue lightyellow lime limegreen linen magenta maroon mediumaquamarine mediumblue mediumorchid mediumpurple mediumseagreen mediumslateblue mediumspringgreen mediumturquoise mediumvioletred midnightblue mintcream mistyrose moccasin navajowhite navy oldlace olive olivedrab orange orangered orchid palegoldenrod palegreen paleturquoise palevioletred papayawhip peachpuff peru pink plum powderblue purple rebeccapurple red rosybrown royalblue saddlebrown salmon sandybrown seagreen seashell sienna silver skyblue slateblue slategray slategrey snow springgreen steelblue tan teal thistle tomato turquoise violet wheat white whitesmoke yellow yellowgreen transparent currentColor AccentColor AccentColorText ActiveText ButtonBorder ButtonFace ButtonText Canvas CanvasText Field FieldText GrayText Highlight HighlightText LinkText Mark MarkText SelectedItem SelectedItemText VisitedText ActiveBorder ActiveCaption AppWorkspace Background ButtonHighlight ButtonShadow CaptionText InactiveBorder InactiveCaption InactiveCaptionText InfoBackground InfoText Menu MenuText Scrollbar ThreeDDarkShadow ThreeDFace ThreeDHighlight ThreeDLightShadow ThreeDShadow Window WindowFrame WindowText	https://drafts.csswg.org/css-ui-4/#propdef-accent-color
align-content	normal | <baseline-position> | <content-distribution> | <overflow-position>? <content-position>	normal first last baseline space-between space-around space-evenly stretch unsafe safe center start end flex-start flex-end	https://drafts.csswg.org/css-align-3/#propdef-align-content
align-items	normal | stretch | <baseline-position> | <overflow-position>? <self-position>	normal stretch first last baseline unsafe safe center start end self-start self-end flex-start flex-end	https://drafts.csswg.org/css-align-3/#propdef-align-items
align-self	auto | <overflow-position>? [ normal | <self-position> ]| stretch | <baseline-position> | anchor-center	auto unsafe safe normal center start end self-start self-end flex-start flex-end stretch first last baseline anchor-center	https://drafts.csswg.org/css-align-3/#propdef-align-self
alignment-baseline	baseline | <baseline-metric>	baseline text-bottom alphabetic ideographic middle central mathematical hanging text-top	https://drafts.csswg.org/css-inline-3/#propdef-alignment-baseline
all	initial | inherit | unset | revert | revert-layer | revert-rule	initial inherit unset revert revert-layer revert-rule	https://drafts.csswg.org/css-cascade-5/#propdef-all
anchor-name	none | <anchor-name>#	none	https://drafts.csswg.org/css-anchor-position-1/#propdef-anchor-name
anchor-scope	none | all | <anchor-name>#	none all	https://drafts.csswg.org/css-anchor-position-1/#propdef-anchor-scope
animation	<single-animation>#	auto linear ease ease-in ease-out ease-in-out step-start step-end infinite normal reverse alternate alternate-reverse none forwards backwards both running paused	https://drafts.csswg.org/css-animations-1/#propdef-animation
animation-composition	<single-animation-composition>#	replace add accumulate	https://drafts.csswg.org/css-animations-2/#propdef-animation-composition
animation-delay	[ <'animation-delay-start'> <'animation-delay-end'>? ]#		https://drafts.csswg.org/css-animations-2/#propdef-animation-delay
animation-delay-end	<time [0s,∞]>#		https://drafts.csswg.org/css-animations-2/#propdef-animation-delay-end
animation-delay-start	<time>#		https://drafts.csswg.org/css-animations-2/#propdef-animation-delay-start
animation-direction	<single-animation-direction>#	normal reverse alternate alternate-reverse	https://drafts.csswg.org/css-animations-1/#propdef-animation-direction
animation-duration	[ auto | <time [0s,∞]> ]#	auto	https://drafts.csswg.org/css-animations-2/#propdef-animation-duration
animation-fill-mode	<single-animation-fill-mode>#	none forwards backwards both	https://drafts.csswg.org/css-animations-1/#propdef-animation-fill-mode
animation-iteration-count	<single-animation-iteration-count>#	infinite	https://drafts.csswg.org/css-animations-1/#propdef-animation-iteration-count
animation-name	[ none | <keyframes-name> ]#	none	https://drafts.csswg.org/css-animations-1/#propdef-animation-name
animation-play-state	<single-animation-play-state>#	running paused	https://drafts.csswg.org/css-animations-1/#propdef-animation-play-state
animation-range	[ <'animation-range-start'> <'animation-range-end'>? ]#	normal	https://drafts.csswg.org/scroll-animations-1/#propdef-animation-range
animation-range-center	[ normal | [ <length-percentage> | <timeline-range-center-subject> <length-percentage>? ] ]#	normal	https://drafts.csswg.org/pointer-animations-1/#propdef-animation-range-center
animation-range-end	[ normal | <length-percentage> | <timeline-range-name> <length-percentage>? ]#	normal	https://drafts.csswg.org/scroll-animations-1/#propdef-animation-range-end
animation-range-start	[ normal | <length-percentage> | <timeline-range-name> <length-percentage>? ]#	normal	https://drafts.csswg.org/scroll-animations-1/#propdef-animation-range-start
animation-timeline	<single-animation-timeline>#	auto none	https://drafts.csswg.org/css-animations-2/#propdef-animation-timeline
animation-timing-function	<easing-function>#	linear ease ease-in ease-out ease-in-out step-start step-end	https://drafts.csswg.org/css-animations-1/#propdef-animation-timing-function
animation-trigger	[ none | [ <dashed-ident> <animation-action>+ ]+ ]#	none	https://drafts.csswg.org/animation-triggers-1/#propdef-animation-trigger
appearance	none | auto | base | base-select | <compat-auto> | <compat-special>	none auto base base-select searchfield textarea checkbox radio menulist listbox meter progress-bar button textfield menulist-button	https://drafts.csswg.org/css-ui-4/#propdef-appearance
aspect-ratio	auto || <ratio>	auto	https://drafts.csswg.org/css-sizing-4/#propdef-aspect-ratio
backdrop-filter	none | <filter-value-list>	none	https://drafts.csswg.org/filter-effects-2/#propdef-backdrop-filter
backface-visibility	visible | hidden	visible hidden	https://drafts.csswg.org/css-transforms-2/#propdef-backface-visibility
background	<bg-layer>#? , <final-bg-layer>	none left center right top bottom x-start x-end y-start y-end block-start block-end inline-start inline-end start end auto cover contain repeat-x repeat-y repeat-block repeat-inline repeat space round no-repeat scroll fixed local content-box padding-box border-box border-area text aliceblue antiquewhite aqua aquamarine azure beige bisque black blanchedalmond blue blueviolet brown burlywood cadetblue chartreuse chocolate coral cornflowerblue cornsilk crimson cyan darkblue darkcyan darkgoldenrod darkgray darkgreen darkgrey darkkhaki darkmagenta darkolivegreen darkorange darkorchid darkred darksalmon darkseagreen darkslateblue darkslategray darkslategrey darkturquoise darkviolet deeppink deepskyblue dimgray dimgrey dodgerblue firebrick floralwhite forestgreen fuchsia gainsboro ghostwhite gold goldenrod gray green greenyellow grey honeydew hotpink indianred indigo ivory khaki lavender lavenderblush lawngreen lemonchiffon lightblue lightcoral lightcyan lightgoldenrodyellow lightgray lightgreen lightgrey lightpink lightsalmon lightseagreen lightskyblue lightslategray lightslategrey lightsteelblue lightyellow lime limegreen linen magenta maroon mediumaquamarine mediumblue mediumorchid mediumpurple mediumseagreen mediumslateblue mediumspringgreen mediumturquoise mediumvioletred midnightblue mintcream mistyrose moccasin navajowhite navy oldlace olive olivedrab orange orangered orchid palegoldenrod palegreen paleturquoise palevioletred papayawhip peachpuff peru pink plum powderblue purple rebeccapurple red rosybrown royalblue saddlebrown salmon sandybrown seagreen seashell sienna silver skyblue slateblue slategray slategrey snow springgreen steelblue tan teal thistle tomato turquoise violet wheat white whitesmoke yellow yellowgreen transparent currentColor AccentColor AccentColorText ActiveText ButtonBorder ButtonFace ButtonText Canvas CanvasText Field FieldText GrayText Highlight HighlightText LinkText Mark	https://drafts.csswg.org/css-backgrounds-4/#propdef-background
background-attachment	<attachment>#	scroll fixed local	https://drafts.csswg.org/css-backgrounds-4/#propdef-background-attachment
background-blend-mode	<'mix-blend-mode'>#	normal darken multiply color-burn lighten screen color-dodge overlay soft-light hard-light difference exclusion hue saturation color luminosity plus-lighter	https://drafts.csswg.org/compositing-2/#propdef-background-blend-mode
background-clip	<bg-clip>#	content-box padding-box border-box border-area text	https://drafts.csswg.org/css-backgrounds-4/#propdef-background-clip
background-color	<color>	aliceblue antiquewhite aqua aquamarine azure beige bisque black blanchedalmond blue blueviolet brown burlywood cadetblue chartreuse chocolate coral cornflowerblue cornsilk crimson cyan darkblue darkcyan darkgoldenrod darkgray darkgreen darkgrey darkkhaki darkmagenta darkolivegreen darkorange darkorchid darkred darksalmon darkseagreen darkslateblue darkslategray darkslategrey darkturquoise darkviolet deeppink deepskyblue dimgray dimgrey dodgerblue firebrick floralwhite forestgreen fuchsia gainsboro ghostwhite gold goldenrod gray green greenyellow grey honeydew hotpink indianred indigo ivory khaki lavender lavenderblush lawngreen lemonchiffon lightblue lightcoral lightcyan lightgoldenrodyellow lightgray lightgreen lightgrey lightpink lightsalmon lightseagreen lightskyblue lightslategray lightslategrey lightsteelblue lightyellow lime limegreen linen magenta maroon mediumaquamarine mediumblue mediumorchid mediumpurple mediumseagreen mediumslateblue mediumspringgreen mediumturquoise mediumvioletred midnightblue mintcream mistyrose moccasin navajowhite navy oldlace olive olivedrab orange orangered orchid palegoldenrod palegreen paleturquoise palevioletred papayawhip peachpuff peru pink plum powderblue purple rebeccapurple red rosybrown royalblue saddlebrown salmon sandybrown seagreen seashell sienna silver skyblue slateblue slategray slategrey snow springgreen steelblue tan teal thistle tomato turquoise violet wheat white whitesmoke yellow yellowgreen transparent currentColor AccentColor AccentColorText ActiveText ButtonBorder ButtonFace ButtonText Canvas CanvasText Field FieldText GrayText Highlight HighlightText LinkText Mark MarkText SelectedItem SelectedItemText VisitedText ActiveBorder ActiveCaption AppWorkspace Background ButtonHighlight ButtonShadow CaptionText InactiveBorder InactiveCaption InactiveCaptionText InfoBackground InfoText Menu MenuText Scrollbar ThreeDDarkShadow ThreeDFace ThreeDHighlight ThreeDLightShadow ThreeDShadow Window WindowFrame WindowText	https://drafts.csswg.org/css-backgrounds-4/#propdef-background-color
background-image	<bg-image>#	none	https://drafts.csswg.org/css-backgrounds-4/#propdef-background-image
background-origin	<visual-box>#	content-box padding-box border-box	https://drafts.csswg.org/css-backgrounds-4/#propdef-background-origin
background-position	<bg-position>#	left center right top bottom x-start x-end y-start y-end block-start block-end inline-start inline-end start end	https://drafts.csswg.org/css-backgrounds-4/#propdef-background-position
background-position-block	[ center | [ [ start | end ]? <length-percentage>? ]! ]#	center start end	https://drafts.csswg.org/css-backgrounds-4/#propdef-background-position-block
background-position-inline	[ center | [ [ start | end ]? <length-percentage>? ]! ]#	center start end	https://drafts.csswg.org/css-backgrounds-4/#propdef-background-position-inline
background-position-x	[ center | [ [ left | right | x-start | x-end ]? <length-percentage>? ]! ]#	center left right x-start x-end	https://drafts.csswg.org/css-backgrounds-4/#propdef-background-position-x
background-position-y	[ center | [ [ top | bottom | y-start | y-end ]? <length-percentage>? ]! ]#	center top bottom y-start y-end	https://drafts.csswg.org/css-backgrounds-4/#propdef-background-position-y
background-repeat	<repeat-style>#	repeat-x repeat-y repeat-block repeat-inline repeat space round no-repeat	https://drafts.csswg.org/css-backgrounds-4/#propdef-background-repeat
background-repeat-block	<repetition>#	repeat space round no-repeat	https://drafts.csswg.org/css-backgrounds-4/#propdef-background-repeat-block
background-repeat-inline	<repetition>#	repeat space round no-repeat	https://drafts.csswg.org/css-backgrounds-4/#propdef-background-repeat-inline
background-repeat-x	<repetition>#	repeat space round no-repeat	https://drafts.csswg.org/css-backgrounds-4/#propdef-background-repeat-x
background-repeat-y	<repetition>#	repeat space round no-repeat	https://drafts.csswg.org/css-backgrounds-4/#propdef-background-repeat-y
background-size	<bg-size>#	auto cover contain	https://drafts.csswg.org/css-backgrounds-4/#propdef-background-size
background-tbd	<bg-layer>#	none left center right top bottom x-start x-end y-start y-end block-start block-end inline-start inline-end start end auto cover contain repeat-x repeat-y repeat-block repeat-inline repeat space round no-repeat scroll fixed local content-box padding-box border-box border-area text	https://drafts.csswg.org/css-backgrounds-4/#propdef-background-tbd
baseline-shift	<length-percentage> | sub | super | top | center | bottom	sub super top center bottom	https://drafts.csswg.org/css-inline-3/#propdef-baseline-shift
baseline-source	auto | first | last	auto first last	https://drafts.csswg.org/css-inline-3/#propdef-baseline-source
block-ellipsis	no-ellipsis | auto | <string>	no-ellipsis auto	https://drafts.csswg.org/css-overflow-4/#propdef-block-ellipsis
block-size	auto | <box-size> | <anchor-size()>	auto stretch contain min-content max-content fit-content width height block inline self-block self-inline	https://drafts.csswg.org/css-sizing-3/#propdef-block-size
block-step	<'block-step-size'> || <'block-step-insert'> || <'block-step-align'> || <'block-step-round'>	none margin-box padding-box content-box auto center start end up down nearest	https://drafts.csswg.org/css-rhythm-1/#propdef-block-step
block-step-align	auto | center | start | end	auto center start end	https://drafts.csswg.org/css-rhythm-1/#propdef-block-step-align
block-step-insert	margin-box | padding-box | content-box	margin-box padding-box content-box	https://drafts.csswg.org/css-rhythm-1/#propdef-block-step-insert
block-step-round	up | down | nearest	up down nearest	https://drafts.csswg.org/css-rhythm-1/#propdef-block-step-round
block-step-size	none | <length [0,∞]>	none	https://drafts.csswg.org/css-rhythm-1/#propdef-block-step-size
bookmark-label	<content-list>		https://drafts.csswg.org/css-content-3/#propdef-bookmark-label
bookmark-level	none | <integer [1,∞]>	none	https://drafts.csswg.org/css-content-3/#propdef-bookmark-level
bookmark-state	open | closed	open closed	https://drafts.csswg.org/css-content-3/#propdef-bookmark-state
border	<line-width> || <line-style> || <color>	hairline thin medium thick none hidden dotted dashed solid double groove ridge inset outset aliceblue antiquewhite aqua aquamarine azure beige bisque black blanchedalmond blue blueviolet brown burlywood cadetblue chartreuse chocolate coral cornflowerblue cornsilk crimson cyan darkblue darkcyan darkgoldenrod darkgray darkgreen darkgrey darkkhaki darkmagenta darkolivegreen darkorange darkorchid darkred darksalmon darkseagreen darkslateblue darkslategray darkslategrey darkturquoise darkviolet deeppink deepskyblue dimgray dimgrey dodgerblue firebrick floralwhite forestgreen fuchsia gainsboro ghostwhite gold goldenrod gray green greenyellow grey honeydew hotpink indianred indigo ivory khaki lavender lavenderblush lawngreen lemonchiffon lightblue lightcoral lightcyan lightgoldenrodyellow lightgray lightgreen lightgrey lightpink lightsalmon lightseagreen lightskyblue lightslategray lightslategrey lightsteelblue lightyellow lime limegreen linen magenta maroon mediumaquamarine mediumblue mediumorchid mediumpurple mediumseagreen mediumslateblue mediumspringgreen mediumturquoise mediumvioletred midnightblue mintcream mistyrose moccasin navajowhite navy oldlace olive olivedrab orange orangered orchid palegoldenrod palegreen paleturquoise palevioletred papayawhip peachpuff peru pink plum powderblue purple rebeccapurple red rosybrown royalblue saddlebrown salmon sandybrown seagreen seashell sienna silver skyblue slateblue slategray slategrey snow springgreen steelblue tan teal thistle tomato turquoise violet wheat white whitesmoke yellow yellowgreen transparent currentColor AccentColor AccentColorText ActiveText ButtonBorder ButtonFace ButtonText Canvas CanvasText Field FieldText GrayText Highlight HighlightText LinkText Mark MarkText SelectedItem SelectedItemText VisitedText ActiveBorder ActiveCaption AppWorkspace Background ButtonHighlight ButtonShadow CaptionText InactiveBorder InactiveCaption InactiveCaptionText InfoBackground InfoText Menu MenuText Scrollbar ThreeDDarkShadow ThreeDFace	https://drafts.csswg.org/css-borders-4/#propdef-border
border-block	<'border-block-start'>	hairline thin medium thick none hidden dotted dashed solid double groove ridge inset outset aliceblue antiquewhite aqua aquamarine azure beige bisque black blanchedalmond blue blueviolet brown burlywood cadetblue chartreuse chocolate coral cornflowerblue cornsilk crimson cyan darkblue darkcyan darkgoldenrod darkgray darkgreen darkgrey darkkhaki darkmagenta darkolivegreen darkorange darkorchid darkred darksalmon darkseagreen darkslateblue darkslategray darkslategrey darkturquoise darkviolet deeppink deepskyblue dimgray dimgrey dodgerblue firebrick floralwhite forestgreen fuchsia gainsboro ghostwhite gold goldenrod gray green greenyellow grey honeydew hotpink indianred indigo ivory khaki lavender lavenderblush lawngreen lemonchiffon lightblue lightcoral lightcyan lightgoldenrodyellow lightgray lightgreen lightgrey lightpink lightsalmon lightseagreen lightskyblue lightslategray lightslategrey lightsteelblue lightyellow lime limegreen linen magenta maroon mediumaquamarine mediumblue mediumorchid mediumpurple mediumseagreen mediumslateblue mediumspringgreen mediumturquoise mediumvioletred midnightblue mintcream mistyrose moccasin navajowhite navy oldlace olive olivedrab orange orangered orchid palegoldenrod palegreen paleturquoise palevioletred papayawhip peachpuff peru pink plum powderblue purple rebeccapurple red rosybrown royalblue saddlebrown salmon sandybrown seagreen seashell sienna silver skyblue slateblue slategray slategrey snow springgreen steelblue tan teal thistle tomato turquoise violet wheat white whitesmoke yellow yellowgreen transparent currentColor AccentColor AccentColorText ActiveText ButtonBorder ButtonFace ButtonText Canvas CanvasText Field FieldText GrayText Highlight HighlightText LinkText Mark MarkText SelectedItem SelectedItemText VisitedText ActiveBorder ActiveCaption AppWorkspace Background ButtonHighlight ButtonShadow CaptionText InactiveBorder InactiveCaption InactiveCaptionText InfoBackground InfoText Menu MenuText Scrollbar ThreeDDarkShadow ThreeDFace	https://drafts.csswg.org/css-borders-4/#propdef-border-block
border-block-clip	<'border-top-clip'>	none	https://drafts.csswg.org/css-borders-4/#propdef-border-block-clip
border-block-color	<'border-top-color'>{1,2}	aliceblue antiquewhite aqua aquamarine azure beige bisque black blanchedalmond blue blueviolet brown burlywood cadetblue chartreuse chocolate coral cornflowerblue cornsilk crimson cyan darkblue darkcyan darkgoldenrod darkgray darkgreen darkgrey darkkhaki darkmagenta darkolivegreen darkorange darkorchid darkred darksalmon darkseagreen darkslateblue darkslategray darkslategrey darkturquoise darkviolet deeppink deepskyblue dimgray dimgrey dodgerblue firebrick floralwhite forestgreen fuchsia gainsboro ghostwhite gold goldenrod gray green greenyellow grey honeydew hotpink indianred indigo ivory khaki lavender lavenderblush lawngreen lemonchiffon lightblue lightcoral lightcyan lightgoldenrodyellow lightgray lightgreen lightgrey lightpink lightsalmon lightseagreen lightskyblue lightslategray lightslategrey lightsteelblue lightyellow lime limegreen linen magenta maroon mediumaquamarine mediumblue mediumorchid mediumpurple mediumseagreen mediumslateblue mediumspringgreen mediumturquoise mediumvioletred midnightblue mintcream mistyrose moccasin navajowhite navy oldlace olive olivedrab orange orangered orchid palegoldenrod palegreen paleturquoise palevioletred papayawhip peachpuff peru pink plum powderblue purple rebeccapurple red rosybrown royalblue saddlebrown salmon sandybrown seagreen seashell sienna silver skyblue slateblue slategray slategrey snow springgreen steelblue tan teal thistle tomato turquoise violet wheat white whitesmoke yellow yellowgreen transparent currentColor AccentColor AccentColorText ActiveText ButtonBorder ButtonFace ButtonText Canvas CanvasText Field FieldText GrayText Highlight HighlightText LinkText Mark MarkText SelectedItem SelectedItemText VisitedText ActiveBorder ActiveCaption AppWorkspace Background ButtonHighlight ButtonShadow CaptionText InactiveBorder InactiveCaption InactiveCaptionText InfoBackground InfoText Menu MenuText Scrollbar ThreeDDarkShadow ThreeDFace ThreeDHighlight ThreeDLightShadow ThreeDShadow Window WindowFrame WindowText image-1D	https://drafts.csswg.org/css-borders-4/#propdef-border-block-color
border-block-end	<line-width> || <line-style> || <color>	hairline thin medium thick none hidden dotted dashed solid double groove ridge inset outset aliceblue antiquewhite aqua aquamarine azure beige bisque black blanchedalmond blue blueviolet brown burlywood cadetblue chartreuse chocolate coral cornflowerblue cornsilk crimson cyan darkblue darkcyan darkgoldenrod darkgray darkgreen darkgrey darkkhaki darkmagenta darkolivegreen darkorange darkorchid darkred darksalmon darkseagreen darkslateblue darkslategray darkslategrey darkturquoise darkviolet deeppink deepskyblue dimgray dimgrey dodgerblue firebrick floralwhite forestgreen fuchsia gainsboro ghostwhite gold goldenrod gray green greenyellow grey honeydew hotpink indianred indigo ivory khaki lavender lavenderblush lawngreen lemonchiffon lightblue lightcoral lightcyan lightgoldenrodyellow lightgray lightgreen lightgrey lightpink lightsalmon lightseagreen lightskyblue lightslategray lightslategrey lightsteelblue lightyellow lime limegreen linen magenta maroon mediumaquamarine mediumblue mediumorchid mediumpurple mediumseagreen mediumslateblue mediumspringgreen mediumturquoise mediumvioletred midnightblue mintcream mistyrose moccasin navajowhite navy oldlace olive olivedrab orange orangered orchid palegoldenrod palegreen paleturquoise palevioletred papayawhip peachpuff peru pink plum powderblue purple rebeccapurple red rosybrown royalblue saddlebrown salmon sandybrown seagreen seashell sienna silver skyblue slateblue slategray slategrey snow springgreen steelblue tan teal thistle tomato turquoise violet wheat white whitesmoke yellow yellowgreen transparent currentColor AccentColor AccentColorText ActiveText ButtonBorder ButtonFace ButtonText Canvas CanvasText Field FieldText GrayText Highlight HighlightText LinkText Mark MarkText SelectedItem SelectedItemText VisitedText ActiveBorder ActiveCaption AppWorkspace Background ButtonHighlight ButtonShadow CaptionText InactiveBorder InactiveCaption InactiveCaptionText InfoBackground InfoText Menu MenuText Scrollbar ThreeDDarkShadow ThreeDFace	https://drafts.csswg.org/css-borders-4/#propdef-border-block-end
border-block-end-clip	none | [ <length-percentage [0,∞]> | <flex> ]+	none	https://drafts.csswg.org/css-borders-4/#propdef-border-block-end-clip
border-block-end-color	<color> | <image-1D>	aliceblue antiquewhite aqua aquamarine azure beige bisque black blanchedalmond blue blueviolet brown burlywood cadetblue chartreuse chocolate coral cornflowerblue cornsilk crimson cyan darkblue darkcyan darkgoldenrod darkgray darkgreen darkgrey darkkhaki darkmagenta darkolivegreen darkorange darkorchid darkred darksalmon darkseagreen darkslateblue darkslategray darkslategrey darkturquoise darkviolet deeppink deepskyblue dimgray dimgrey dodgerblue firebrick floralwhite forestgreen fuchsia gainsboro ghostwhite gold goldenrod gray green greenyellow grey honeydew hotpink indianred indigo ivory khaki lavender lavenderblush lawngreen lemonchiffon lightblue lightcoral lightcyan lightgoldenrodyellow lightgray lightgreen lightgrey lightpink lightsalmon lightseagreen lightskyblue lightslategray lightslategrey lightsteelblue lightyellow lime limegreen linen magenta maroon mediumaquamarine mediumblue mediumorchid mediumpurple mediumseagreen mediumslateblue mediumspringgreen mediumturquoise mediumvioletred midnightblue mintcream mistyrose moccasin navajowhite navy oldlace olive olivedrab orange orangered orchid palegoldenrod palegreen paleturquoise palevioletred papayawhip peachpuff peru pink plum powderblue purple rebeccapurple red rosybrown royalblue saddlebrown salmon sandybrown seagreen seashell sienna silver skyblue slateblue slategray slategrey snow springgreen steelblue tan teal thistle tomato turquoise violet wheat white whitesmoke yellow yellowgreen transparent currentColor AccentColor AccentColorText ActiveText ButtonBorder ButtonFace ButtonText Canvas CanvasText Field FieldText GrayText Highlight HighlightText LinkText Mark MarkText SelectedItem SelectedItemText VisitedText ActiveBorder ActiveCaption AppWorkspace Background ButtonHighlight ButtonShadow CaptionText InactiveBorder InactiveCaption InactiveCaptionText InfoBackground InfoText Menu MenuText Scrollbar ThreeDDarkShadow ThreeDFace ThreeDHighlight ThreeDLightShadow ThreeDShadow Window WindowFrame WindowText image-1D	https://drafts.csswg.org/css-borders-4/#propdef-border-block-end-color
border-block-end-radius	<length-percentage [0,∞]>{1,2} [ / <length-percentage [0,∞]>{1,2} ]?		https://drafts.csswg.org/css-borders-4/#propdef-border-block-end-radius
border-block-end-style	<line-style>	none hidden dotted dashed solid double groove ridge inset outset	https://drafts.csswg.org/css-borders-4/#propdef-border-block-end-style
border-block-end-width	<line-width>	hairline thin medium thick	https://drafts.csswg.org/css-borders-4/#propdef-border-block-end-width
border-block-start	<line-width> || <line-style> || <color>	hairline thin medium thick none hidden dotted dashed solid double groove ridge inset outset aliceblue antiquewhite aqua aquamarine azure beige bisque black blanchedalmond blue blueviolet brown burlywood cadetblue chartreuse chocolate coral cornflowerblue cornsilk crimson cyan darkblue darkcyan darkgoldenrod darkgray darkgreen darkgrey darkkhaki darkmagenta darkolivegreen darkorange darkorchid darkred darksalmon darkseagreen darkslateblue darkslategray darkslategrey darkturquoise darkviolet deeppink deepskyblue dimgray dimgrey dodgerblue firebrick floralwhite forestgreen fuchsia gainsboro ghostwhite gold goldenrod gray green greenyellow grey honeydew hotpink indianred indigo ivory khaki lavender lavenderblush lawngreen lemonchiffon lightblue lightcoral lightcyan lightgoldenrodyellow lightgray lightgreen lightgrey lightpink lightsalmon lightseagreen lightskyblue lightslategray lightslategrey lightsteelblue lightyellow lime limegreen linen magenta maroon mediumaquamarine mediumblue mediumorchid mediumpurple mediumseagreen mediumslateblue mediumspringgreen mediumturquoise mediumvioletred midnightblue mintcream mistyrose moccasin navajowhite navy oldlace olive olivedrab orange orangered orchid palegoldenrod palegreen paleturquoise palevioletred papayawhip peachpuff peru pink plum powderblue purple rebeccapurple red rosybrown royalblue saddlebrown salmon sandybrown seagreen seashell sienna silver skyblue slateblue slategray slategrey snow springgreen steelblue tan teal thistle tomato turquoise violet wheat white whitesmoke yellow yellowgreen transparent currentColor AccentColor AccentColorText ActiveText ButtonBorder ButtonFace ButtonText Canvas CanvasText Field FieldText GrayText Highlight HighlightText LinkText Mark MarkText SelectedItem SelectedItemText VisitedText ActiveBorder ActiveCaption AppWorkspace Background ButtonHighlight ButtonShadow CaptionText InactiveBorder InactiveCaption InactiveCaptionText InfoBackground InfoText Menu MenuText Scrollbar ThreeDDarkShadow ThreeDFace	https://drafts.csswg.org/css-borders-4/#propdef-border-block-start
border-block-start-clip	none | [ <length-percentage [0,∞]> | <flex> ]+	none	https://drafts.csswg.org/css-borders-4/#propdef-border-block-start-clip
border-block-start-color	<color> | <image-1D>	aliceblue antiquewhite aqua aquamarine azure beige bisque black blanchedalmond blue blueviolet brown burlywood cadetblue chartreuse chocolate coral cornflowerblue cornsilk crimson cyan darkblue darkcyan darkgoldenrod darkgray darkgreen darkgrey darkkhaki darkmagenta darkolivegreen darkorange darkorchid darkred darksalmon darkseagreen darkslateblue darkslategray darkslategrey darkturquoise darkviolet deeppink deepskyblue dimgray dimgrey dodgerblue firebrick floralwhite forestgreen fuchsia gainsboro ghostwhite gold goldenrod gray green greenyellow grey honeydew hotpink indianred indigo ivory khaki lavender lavenderblush lawngreen lemonchiffon lightblue lightcoral lightcyan lightgoldenrodyellow lightgray lightgreen lightgrey lightpink lightsalmon lightseagreen lightskyblue lightslategray lightslategrey lightsteelblue lightyellow lime limegreen linen magenta maroon mediumaquamarine mediumblue mediumorchid mediumpurple mediumseagreen mediumslateblue mediumspringgreen mediumturquoise mediumvioletred midnightblue mintcream mistyrose moccasin navajowhite navy oldlace olive olivedrab orange orangered orchid palegoldenrod palegreen paleturquoise palevioletred papayawhip peachpuff peru pink plum powderblue purple rebeccapurple red rosybrown royalblue saddlebrown salmon sandybrown seagreen seashell sienna silver skyblue slateblue slategray slategrey snow springgreen steelblue tan teal thistle tomato turquoise violet wheat white whitesmoke yellow yellowgreen transparent currentColor AccentColor AccentColorText ActiveText ButtonBorder ButtonFace ButtonText Canvas CanvasText Field FieldText GrayText Highlight HighlightText LinkText Mark MarkText SelectedItem SelectedItemText VisitedText ActiveBorder ActiveCaption AppWorkspace Background ButtonHighlight ButtonShadow CaptionText InactiveBorder InactiveCaption InactiveCaptionText InfoBackground InfoText Menu MenuText Scrollbar ThreeDDarkShadow ThreeDFace ThreeDHighlight ThreeDLightShadow ThreeDShadow Window WindowFrame WindowText image-1D	https://drafts.csswg.org/css-borders-4/#propdef-border-block-start-color
border-block-start-radius	<length-percentage [0,∞]>{1,2} [ / <length-percentage [0,∞]>{1,2} ]?		https://drafts.csswg.org/css-borders-4/#propdef-border-block-start-radius
border-block-start-style	<line-style>	none hidden dotted dashed solid double groove ridge inset outset	https://drafts.csswg.org/css-borders-4/#propdef-border-block-start-style
border-block-start-width	<line-width>	hairline thin medium thick	https://drafts.csswg.org/css-borders-4/#propdef-border-block-start-width
border-block-style	<'border-top-style'>{1,2}	none hidden dotted dashed solid double groove ridge inset outset	https://drafts.csswg.org/css-borders-4/#propdef-border-block-style
border-block-width	<'border-top-width'>{1,2}	hairline thin medium thick	https://drafts.csswg.org/css-borders-4/#propdef-border-block-width
border-bottom	<line-width> || <line-style> || <color>	hairline thin medium thick none hidden dotted dashed solid double groove ridge inset outset aliceblue antiquewhite aqua aquamarine azure beige bisque black blanchedalmond blue blueviolet brown burlywood cadetblue chartreuse chocolate coral cornflowerblue cornsilk crimson cyan darkblue darkcyan darkgoldenrod darkgray darkgreen darkgrey darkkhaki darkmagenta darkolivegreen darkorange darkorchid darkred darksalmon darkseagreen darkslateblue darkslategray darkslategrey darkturquoise darkviolet deeppink deepskyblue dimgray dimgrey dodgerblue firebrick floralwhite forestgreen fuchsia gainsboro ghostwhite gold goldenrod gray green greenyellow grey honeydew hotpink indianred indigo ivory khaki lavender lavenderblush lawngreen lemonchiffon lightblue lightcoral lightcyan lightgoldenrodyellow lightgray lightgreen lightgrey lightpink lightsalmon lightseagreen lightskyblue lightslategray lightslategrey lightsteelblue lightyellow lime limegreen linen magenta maroon mediumaquamarine mediumblue mediumorchid mediumpurple mediumseagreen mediumslateblue mediumspringgreen mediumturquoise mediumvioletred midnightblue mintcream mistyrose moccasin navajowhite navy oldlace olive olivedrab orange orangered orchid palegoldenrod palegreen paleturquoise palevioletred papayawhip peachpuff peru pink plum powderblue purple rebeccapurple red rosybrown royalblue saddlebrown salmon sandybrown seagreen seashell sienna silver skyblue slateblue slategray slategrey snow springgreen steelblue tan teal thistle tomato turquoise violet wheat white whitesmoke yellow yellowgreen transparent currentColor AccentColor AccentColorText ActiveText ButtonBorder ButtonFace ButtonText Canvas CanvasText Field FieldText GrayText Highlight HighlightText LinkText Mark MarkText SelectedItem SelectedItemText VisitedText ActiveBorder ActiveCaption AppWorkspace Background ButtonHighlight ButtonShadow CaptionText InactiveBorder InactiveCaption InactiveCaptionText InfoBackground InfoText Menu MenuText Scrollbar ThreeDDarkShadow ThreeDFace	https://drafts.csswg.org/css-borders-4/#propdef-border-bottom
border-bottom-clip	none | [ <length-percentage [0,∞]> | <flex> ]+	none	https://drafts.csswg.org/css-borders-4/#propdef-border-bottom-clip
border-bottom-color	<color> | <image-1D>	aliceblue antiquewhite aqua aquamarine azure beige bisque black blanchedalmond blue blueviolet brown burlywood cadetblue chartreuse chocolate coral cornflowerblue cornsilk crimson cyan darkblue darkcyan darkgoldenrod darkgray darkgreen darkgrey darkkhaki darkmagenta darkolivegreen darkorange darkorchid darkred darksalmon darkseagreen darkslateblue darkslategray darkslategrey darkturquoise darkviolet deeppink deepskyblue dimgray dimgrey dodgerblue firebrick floralwhite forestgreen fuchsia gainsboro ghostwhite gold goldenrod gray green greenyellow grey honeydew hotpink indianred indigo ivory khaki lavender lavenderblush lawngreen lemonchiffon lightblue lightcoral lightcyan lightgoldenrodyellow lightgray lightgreen lightgrey lightpink lightsalmon lightseagreen lightskyblue lightslategray lightslategrey lightsteelblue lightyellow lime limegreen linen magenta maroon mediumaquamarine mediumblue mediumorchid mediumpurple mediumseagreen mediumslateblue mediumspringgreen mediumturquoise mediumvioletred midnightblue mintcream mistyrose moccasin navajowhite navy oldlace olive olivedrab orange orangered orchid palegoldenrod palegreen paleturquoise palevioletred papayawhip peachpuff peru pink plum powderblue purple rebeccapurple red rosybrown royalblue saddlebrown salmon sandybrown seagreen seashell sienna silver skyblue slateblue slategray slategrey snow springgreen steelblue tan teal thistle tomato turquoise violet wheat white whitesmoke yellow yellowgreen transparent currentColor AccentColor AccentColorText ActiveText ButtonBorder ButtonFace ButtonText Canvas CanvasText Field FieldText GrayText Highlight HighlightText LinkText Mark MarkText SelectedItem SelectedItemText VisitedText ActiveBorder ActiveCaption AppWorkspace Background ButtonHighlight ButtonShadow CaptionText InactiveBorder InactiveCaption InactiveCaptionText InfoBackground InfoText Menu MenuText Scrollbar ThreeDDarkShadow ThreeDFace ThreeDHighlight ThreeDLightShadow ThreeDShadow Window WindowFrame WindowText image-1D	https://drafts.csswg.org/css-borders-4/#propdef-border-bottom-color
border-bottom-left-radius	<border-radius>		https://drafts.csswg.org/css-borders-4/#propdef-border-bottom-left-radius
border-bottom-radius	<length-percentage [0,∞]>{1,2} [ / <length-percentage [0,∞]>{1,2} ]?		https://drafts.csswg.org/css-borders-4/#propdef-border-bottom-radius
border-bottom-right-radius	<border-radius>		https://drafts.csswg.org/css-borders-4/#propdef-border-bottom-right-radius
border-bottom-style	<line-style>	none hidden dotted dashed solid double groove ridge inset outset	https://drafts.csswg.org/css-borders-4/#propdef-border-bottom-style
border-bottom-width	<line-width>	hairline thin medium thick	https://drafts.csswg.org/css-borders-4/#propdef-border-bottom-width
border-boundary	none | parent | display	none parent display	https://drafts.csswg.org/css-round-display-1/#propdef-border-boundary
border-clip	<'border-top-clip'>	none	https://drafts.csswg.org/css-borders-4/#propdef-border-clip
border-collapse	separate | collapse	separate collapse	https://drafts.csswg.org/css-tables-3/#propdef-border-collapse
border-color	[ <color> | <image-1D> ]{1,4}	aliceblue antiquewhite aqua aquamarine azure beige bisque black blanchedalmond blue blueviolet brown burlywood cadetblue chartreuse chocolate coral cornflowerblue cornsilk crimson cyan darkblue darkcyan darkgoldenrod darkgray darkgreen darkgrey darkkhaki darkmagenta darkolivegreen darkorange darkorchid darkred darksalmon darkseagreen darkslateblue darkslategray darkslategrey darkturquoise darkviolet deeppink deepskyblue dimgray dimgrey dodgerblue firebrick floralwhite forestgreen fuchsia gainsboro ghostwhite gold goldenrod gray green greenyellow grey honeydew hotpink indianred indigo ivory khaki lavender lavenderblush lawngreen lemonchiffon lightblue lightcoral lightcyan lightgoldenrodyellow lightgray lightgreen lightgrey lightpink lightsalmon lightseagreen lightskyblue lightslategray lightslategrey lightsteelblue lightyellow lime limegreen linen magenta maroon mediumaquamarine mediumblue mediumorchid mediumpurple mediumseagreen mediumslateblue mediumspringgreen mediumturquoise mediumvioletred midnightblue mintcream mistyrose moccasin navajowhite navy oldlace olive olivedrab orange orangered orchid palegoldenrod palegreen paleturquoise palevioletred papayawhip peachpuff peru pink plum powderblue purple rebeccapurple red rosybrown royalblue saddlebrown salmon sandybrown seagreen seashell sienna silver skyblue slateblue slategray slategrey snow springgreen steelblue tan teal thistle tomato turquoise violet wheat white whitesmoke yellow yellowgreen transparent currentColor AccentColor AccentColorText ActiveText ButtonBorder ButtonFace ButtonText Canvas CanvasText Field FieldText GrayText Highlight HighlightText LinkText Mark MarkText SelectedItem SelectedItemText VisitedText ActiveBorder ActiveCaption AppWorkspace Background ButtonHighlight ButtonShadow CaptionText InactiveBorder InactiveCaption InactiveCaptionText InfoBackground InfoText Menu MenuText Scrollbar ThreeDDarkShadow ThreeDFace ThreeDHighlight ThreeDLightShadow ThreeDShadow Window WindowFrame WindowText image-1D	https://drafts.csswg.org/css-borders-4/#propdef-border-color
border-end-end-radius	<border-radius>		https://drafts.csswg.org/css-borders-4/#propdef-border-end-end-radius
border-end-start-radius	<border-radius>		https://drafts.csswg.org/css-borders-4/#propdef-border-end-start-radius
border-image	<'border-image-source'> || <'border-image-slice'> [ / <'border-image-width'> | / <'border-image-width'>? / <'border-image-outset'> ]? || <'border-image-repeat'>	none fill auto stretch repeat round space	https://drafts.csswg.org/css-borders-4/#propdef-border-image
border-image-outset	[ <length [0,∞]> | <number [0,∞]> ]{1,4}		https://drafts.csswg.org/css-borders-4/#propdef-border-image-outset
border-image-repeat	[ stretch | repeat | round | space ]{1,2}	stretch repeat round space	https://drafts.csswg.org/css-borders-4/#propdef-border-image-repeat
border-image-slice	[<number [0,∞]> | <percentage [0,∞]>]{1,4} && fill?	fill	https://drafts.csswg.org/css-borders-4/#propdef-border-image-slice
border-image-source	none | <image>	none	https://drafts.csswg.org/css-borders-4/#propdef-border-image-source
border-image-width	[ <length-percentage [0,∞]> | <number [0,∞]> | auto ]{1,4}	auto	https://drafts.csswg.org/css-borders-4/#propdef-border-image-width
border-inline	<'border-block-start'>	hairline thin medium thick none hidden dotted dashed solid double groove ridge inset outset aliceblue antiquewhite aqua aquamarine azure beige bisque black blanchedalmond blue blueviolet brown burlywood cadetblue chartreuse chocolate coral cornflowerblue cornsilk crimson cyan darkblue darkcyan darkgoldenrod darkgray darkgreen darkgrey darkkhaki darkmagenta darkolivegreen darkorange darkorchid darkred darksalmon darkseagreen darkslateblue darkslategray darkslategrey darkturquoise darkviolet deeppink deepskyblue dimgray dimgrey dodgerblue firebrick floralwhite forestgreen fuchsia gainsboro ghostwhite gold goldenrod gray green greenyellow grey honeydew hotpink indianred indigo ivory khaki lavender lavenderblush lawngreen lemonchiffon lightblue lightcoral lightcyan lightgoldenrodyellow lightgray lightgreen lightgrey lightpink lightsalmon lightseagreen lightskyblue lightslategray lightslategrey lightsteelblue lightyellow lime limegreen linen magenta maroon mediumaquamarine mediumblue mediumorchid mediumpurple mediumseagreen mediumslateblue mediumspringgreen mediumturquoise mediumvioletred midnightblue mintcream mistyrose moccasin navajowhite navy oldlace olive olivedrab orange orangered orchid palegoldenrod palegreen paleturquoise palevioletred papayawhip peachpuff peru pink plum powderblue purple rebeccapurple red rosybrown royalblue saddlebrown salmon sandybrown seagreen seashell sienna silver skyblue slateblue slategray slategrey snow springgreen steelblue tan teal thistle tomato turquoise violet wheat white whitesmoke yellow yellowgreen transparent currentColor AccentColor AccentColorText ActiveText ButtonBorder ButtonFace ButtonText Canvas CanvasText Field FieldText GrayText Highlight HighlightText LinkText Mark MarkText SelectedItem SelectedItemText VisitedText ActiveBorder ActiveCaption AppWorkspace Background ButtonHighlight ButtonShadow CaptionText InactiveBorder InactiveCaption InactiveCaptionText InfoBackground InfoText Menu MenuText Scrollbar ThreeDDarkShadow ThreeDFace	https://drafts.csswg.org/css-borders-4/#propdef-border-inline
border-inline-clip	<'border-top-clip'>	none	https://drafts.csswg.org/css-borders-4/#propdef-border-inline-clip
border-inline-color	<'border-top-color'>{1,2}	aliceblue antiquewhite aqua aquamarine azure beige bisque black blanchedalmond blue blueviolet brown burlywood cadetblue chartreuse chocolate coral cornflowerblue cornsilk crimson cyan darkblue darkcyan darkgoldenrod darkgray darkgreen darkgrey darkkhaki darkmagenta darkolivegreen darkorange darkorchid darkred darksalmon darkseagreen darkslateblue darkslategray darkslategrey darkturquoise darkviolet deeppink deepskyblue dimgray dimgrey dodgerblue firebrick floralwhite forestgreen fuchsia gainsboro ghostwhite gold goldenrod gray green greenyellow grey honeydew hotpink indianred indigo ivory khaki lavender lavenderblush lawngreen lemonchiffon lightblue lightcoral lightcyan lightgoldenrodyellow lightgray lightgreen lightgrey lightpink lightsalmon lightseagreen lightskyblue lightslategray lightslategrey lightsteelblue lightyellow lime limegreen linen magenta maroon mediumaquamarine mediumblue mediumorchid mediumpurple mediumseagreen mediumslateblue mediumspringgreen mediumturquoise mediumvioletred midnightblue mintcream mistyrose moccasin navajowhite navy oldlace olive olivedrab orange orangered orchid palegoldenrod palegreen paleturquoise palevioletred papayawhip peachpuff peru pink plum powderblue purple rebeccapurple red rosybrown royalblue saddlebrown salmon sandybrown seagreen seashell sienna silver skyblue slateblue slategray slategrey snow springgreen steelblue tan teal thistle tomato turquoise violet wheat white whitesmoke yellow yellowgreen transparent currentColor AccentColor AccentColorText ActiveText ButtonBorder ButtonFace ButtonText Canvas CanvasText Field FieldText GrayText Highlight HighlightText LinkText Mark MarkText SelectedItem SelectedItemText VisitedText ActiveBorder ActiveCaption AppWorkspace Background ButtonHighlight ButtonShadow CaptionText InactiveBorder InactiveCaption InactiveCaptionText InfoBackground InfoText Menu MenuText Scrollbar ThreeDDarkShadow ThreeDFace ThreeDHighlight ThreeDLightShadow ThreeDShadow Window WindowFrame WindowText image-1D	https://drafts.csswg.org/css-borders-4/#propdef-border-inline-color
border-inline-end	<line-width> || <line-style> || <color>	hairline thin medium thick none hidden dotted dashed solid double groove ridge inset outset aliceblue antiquewhite aqua aquamarine azure beige bisque black blanchedalmond blue blueviolet brown burlywood cadetblue chartreuse chocolate coral cornflowerblue cornsilk crimson cyan darkblue darkcyan darkgoldenrod darkgray darkgreen darkgrey darkkhaki darkmagenta darkolivegreen darkorange darkorchid darkred darksalmon darkseagreen darkslateblue darkslategray darkslategrey darkturquoise darkviolet deeppink deepskyblue dimgray dimgrey dodgerblue firebrick floralwhite forestgreen fuchsia gainsboro ghostwhite gold goldenrod gray green greenyellow grey honeydew hotpink indianred indigo ivory khaki lavender lavenderblush lawngreen lemonchiffon lightblue lightcoral lightcyan lightgoldenrodyellow lightgray lightgreen lightgrey lightpink lightsalmon lightseagreen lightskyblue lightslategray lightslategrey lightsteelblue lightyellow lime limegreen linen magenta maroon mediumaquamarine mediumblue mediumorchid mediumpurple mediumseagreen mediumslateblue mediumspringgreen mediumturquoise mediumvioletred midnightblue mintcream mistyrose moccasin navajowhite navy oldlace olive olivedrab orange orangered orchid palegoldenrod palegreen paleturquoise palevioletred papayawhip peachpuff peru pink plum powderblue purple rebeccapurple red rosybrown royalblue saddlebrown salmon sandybrown seagreen seashell sienna silver skyblue slateblue slategray slategrey snow springgreen steelblue tan teal thistle tomato turquoise violet wheat white whitesmoke yellow yellowgreen transparent currentColor AccentColor AccentColorText ActiveText ButtonBorder ButtonFace ButtonText Canvas CanvasText Field FieldText GrayText Highlight HighlightText LinkText Mark MarkText SelectedItem SelectedItemText VisitedText ActiveBorder ActiveCaption AppWorkspace Background ButtonHighlight ButtonShadow CaptionText InactiveBorder InactiveCaption InactiveCaptionText InfoBackground InfoText Menu MenuText Scrollbar ThreeDDarkShadow ThreeDFace	https://drafts.csswg.org/css-borders-4/#propdef-border-inline-end
border-inline-end-clip	none | [ <length-percentage [0,∞]> | <flex> ]+	none	https://drafts.csswg.org/css-borders-4/#propdef-border-inline-end-clip
border-inline-end-color	<color> | <image-1D>	aliceblue antiquewhite aqua aquamarine azure beige bisque black blanchedalmond blue blueviolet brown burlywood cadetblue chartreuse chocolate coral cornflowerblue cornsilk crimson cyan darkblue darkcyan darkgoldenrod darkgray darkgreen darkgrey darkkhaki darkmagenta darkolivegreen darkorange darkorchid darkred darksalmon darkseagreen darkslateblue darkslategray darkslategrey darkturquoise darkviolet deeppink deepskyblue dimgray dimgrey dodgerblue firebrick floralwhite forestgreen fuchsia gainsboro ghostwhite gold goldenrod gray green greenyellow grey honeydew hotpink indianred indigo ivory khaki lavender lavenderblush lawngreen lemonchiffon lightblue lightcoral lightcyan lightgoldenrodyellow lightgray lightgreen lightgrey lightpink lightsalmon lightseagreen lightskyblue lightslategray lightslategrey lightsteelblue lightyellow lime limegreen linen magenta maroon mediumaquamarine mediumblue mediumorchid mediumpurple mediumseagreen mediumslateblue mediumspringgreen mediumturquoise mediumvioletred midnightblue mintcream mistyrose moccasin navajowhite navy oldlace olive olivedrab orange orangered orchid palegoldenrod palegreen paleturquoise palevioletred papayawhip peachpuff peru pink plum powderblue purple rebeccapurple red rosybrown royalblue saddlebrown salmon sandybrown seagreen seashell sienna silver skyblue slateblue slategray slategrey snow springgreen steelblue tan teal thistle tomato turquoise violet wheat white whitesmoke yellow yellowgreen transparent currentColor AccentColor AccentColorText ActiveText ButtonBorder ButtonFace ButtonText Canvas CanvasText Field FieldText GrayText Highlight HighlightText LinkText Mark MarkText SelectedItem SelectedItemText VisitedText ActiveBorder ActiveCaption AppWorkspace Background ButtonHighlight ButtonShadow CaptionText InactiveBorder InactiveCaption InactiveCaptionText InfoBackground InfoText Menu MenuText Scrollbar ThreeDDarkShadow ThreeDFace ThreeDHighlight ThreeDLightShadow ThreeDShadow Window WindowFrame WindowText image-1D	https://drafts.csswg.org/css-borders-4/#propdef-border-inline-end-color
border-inline-end-radius	<length-percentage [0,∞]>{1,2} [ / <length-percentage [0,∞]>{1,2} ]?		https://drafts.csswg.org/css-borders-4/#propdef-border-inline-end-radius
border-inline-end-style	<line-style>	none hidden dotted dashed solid double groove ridge inset outset	https://drafts.csswg.org/css-borders-4/#propdef-border-inline-end-style
border-inline-end-width	<line-width>	hairline thin medium thick	https://drafts.csswg.org/css-borders-4/#propdef-border-inline-end-width
border-inline-start	<line-width> || <line-style> || <color>	hairline thin medium thick none hidden dotted dashed solid double groove ridge inset outset aliceblue antiquewhite aqua aquamarine azure beige bisque black blanchedalmond blue blueviolet brown burlywood cadetblue chartreuse chocolate coral cornflowerblue cornsilk crimson cyan darkblue darkcyan darkgoldenrod darkgray darkgreen darkgrey darkkhaki darkmagenta darkolivegreen darkorange darkorchid darkred darksalmon darkseagreen darkslateblue darkslategray darkslategrey darkturquoise darkviolet deeppink deepskyblue dimgray dimgrey dodgerblue firebrick floralwhite forestgreen fuchsia gainsboro ghostwhite gold goldenrod gray green greenyellow grey honeydew hotpink indianred indigo ivory khaki lavender lavenderblush lawngreen lemonchiffon lightblue lightcoral lightcyan lightgoldenrodyellow lightgray lightgreen lightgrey lightpink lightsalmon lightseagreen lightskyblue lightslategray lightslategrey lightsteelblue lightyellow lime limegreen linen magenta maroon mediumaquamarine mediumblue mediumorchid mediumpurple mediumseagreen mediumslateblue mediumspringgreen mediumturquoise mediumvioletred midnightblue mintcream mistyrose moccasin navajowhite navy oldlace olive olivedrab orange orangered orchid palegoldenrod palegreen paleturquoise palevioletred papayawhip peachpuff peru pink plum powderblue purple rebeccapurple red rosybrown royalblue saddlebrown salmon sandybrown seagreen seashell sienna silver skyblue slateblue slategray slategrey snow springgreen steelblue tan teal thistle tomato turquoise violet wheat white whitesmoke yellow yellowgreen transparent currentColor AccentColor AccentColorText ActiveText ButtonBorder ButtonFace ButtonText Canvas CanvasText Field FieldText GrayText Highlight HighlightText LinkText Mark MarkText SelectedItem SelectedItemText VisitedText ActiveBorder ActiveCaption AppWorkspace Background ButtonHighlight ButtonShadow CaptionText InactiveBorder InactiveCaption InactiveCaptionText InfoBackground InfoText Menu MenuText Scrollbar ThreeDDarkShadow ThreeDFace	https://drafts.csswg.org/css-borders-4/#propdef-border-inline-start
border-inline-start-clip	none | [ <length-percentage [0,∞]> | <flex> ]+	none	https://drafts.csswg.org/css-borders-4/#propdef-border-inline-start-clip
border-inline-start-color	<color> | <image-1D>	aliceblue antiquewhite aqua aquamarine azure beige bisque black blanchedalmond blue blueviolet brown burlywood cadetblue chartreuse chocolate coral cornflowerblue cornsilk crimson cyan darkblue darkcyan darkgoldenrod darkgray darkgreen darkgrey darkkhaki darkmagenta darkolivegreen darkorange darkorchid darkred darksalmon darkseagreen darkslateblue darkslategray darkslategrey darkturquoise darkviolet deeppink deepskyblue dimgray dimgrey dodgerblue firebrick floralwhite forestgreen fuchsia gainsboro ghostwhite gold goldenrod gray green greenyellow grey honeydew hotpink indianred indigo ivory khaki lavender lavenderblush lawngreen lemonchiffon lightblue lightcoral lightcyan lightgoldenrodyellow lightgray lightgreen lightgrey lightpink lightsalmon lightseagreen lightskyblue lightslategray lightslategrey lightsteelblue lightyellow lime limegreen linen magenta maroon mediumaquamarine mediumblue mediumorchid mediumpurple mediumseagreen mediumslateblue mediumspringgreen mediumturquoise mediumvioletred midnightblue mintcream mistyrose moccasin navajowhite navy oldlace olive olivedrab orange orangered orchid palegoldenrod palegreen paleturquoise palevioletred papayawhip peachpuff peru pink plum powderblue purple rebeccapurple red rosybrown royalblue saddlebrown salmon sandybrown seagreen seashell sienna silver skyblue slateblue slategray slategrey snow springgreen steelblue tan teal thistle tomato turquoise violet wheat white whitesmoke yellow yellowgreen transparent currentColor AccentColor AccentColorText ActiveText ButtonBorder ButtonFace ButtonText Canvas CanvasText Field FieldText GrayText Highlight HighlightText LinkText Mark MarkText SelectedItem SelectedItemText VisitedText ActiveBorder ActiveCaption AppWorkspace Background ButtonHighlight ButtonShadow CaptionText InactiveBorder InactiveCaption InactiveCaptionText InfoBackground InfoText Menu MenuText Scrollbar ThreeDDarkShadow ThreeDFace ThreeDHighlight ThreeDLightShadow ThreeDShadow Window WindowFrame WindowText image-1D	https://drafts.csswg.org/css-borders-4/#propdef-border-inline-start-color
border-inline-start-radius	<length-percentage [0,∞]>{1,2} [ / <length-percentage [0,∞]>{1,2} ]?		https://drafts.csswg.org/css-borders-4/#propdef-border-inline-start-radius
border-inline-start-style	<line-style>	none hidden dotted dashed solid double groove ridge inset outset	https://drafts.csswg.org/css-borders-4/#propdef-border-inline-start-style
border-inline-start-width	<line-width>	hairline thin medium thick	https://drafts.csswg.org/css-borders-4/#propdef-border-inline-start-width
border-inline-style	<'border-top-style'>{1,2}	none hidden dotted dashed solid double groove ridge inset outset	https://drafts.csswg.org/css-borders-4/#propdef-border-inline-style
border-inline-width	<'border-top-width'>{1,2}	hairline thin medium thick	https://drafts.csswg.org/css-borders-4/#propdef-border-inline-width
border-left	<line-width> || <line-style> || <color>	hairline thin medium thick none hidden dotted dashed solid double groove ridge inset outset aliceblue antiquewhite aqua aquamarine azure beige bisque black blanchedalmond blue blueviolet brown burlywood cadetblue chartreuse chocolate coral cornflowerblue cornsilk crimson cyan darkblue darkcyan darkgoldenrod darkgray darkgreen darkgrey darkkhaki darkmagenta darkolivegreen darkorange darkorchid darkred darksalmon darkseagreen darkslateblue darkslategray darkslategrey darkturquoise darkviolet deeppink deepskyblue dimgray dimgrey dodgerblue firebrick floralwhite forestgreen fuchsia gainsboro ghostwhite gold goldenrod gray green greenyellow grey honeydew hotpink indianred indigo ivory khaki lavender lavenderblush lawngreen lemonchiffon lightblue lightcoral lightcyan lightgoldenrodyellow lightgray lightgreen lightgrey lightpink lightsalmon lightseagreen lightskyblue lightslategray lightslategrey lightsteelblue lightyellow lime limegreen linen magenta maroon mediumaquamarine mediumblue mediumorchid mediumpurple mediumseagreen mediumslateblue mediumspringgreen mediumturquoise mediumvioletred midnightblue mintcream mistyrose moccasin navajowhite navy oldlace olive olivedrab orange orangered orchid palegoldenrod palegreen paleturquoise palevioletred papayawhip peachpuff peru pink plum powderblue purple rebeccapurple red rosybrown royalblue saddlebrown salmon sandybrown seagreen seashell sienna silver skyblue slateblue slategray slategrey snow springgreen steelblue tan teal thistle tomato turquoise violet wheat white whitesmoke yellow yellowgreen transparent currentColor AccentColor AccentColorText ActiveText ButtonBorder ButtonFace ButtonText Canvas CanvasText Field FieldText GrayText Highlight HighlightText LinkText Mark MarkText SelectedItem SelectedItemText VisitedText ActiveBorder ActiveCaption AppWorkspace Background ButtonHighlight ButtonShadow CaptionText InactiveBorder InactiveCaption InactiveCaptionText InfoBackground InfoText Menu MenuText Scrollbar ThreeDDarkShadow ThreeDFace	https://drafts.csswg.org/css-borders-4/#propdef-border-left
border-left-clip	none | [ <length-percentage [0,∞]> | <flex> ]+	none	https://drafts.csswg.org/css-borders-4/#propdef-border-left-clip
border-left-color	<color> | <image-1D>	aliceblue antiquewhite aqua aquamarine azure beige bisque black blanchedalmond blue blueviolet brown burlywood cadetblue chartreuse chocolate coral cornflowerblue cornsilk crimson cyan darkblue darkcyan darkgoldenrod darkgray darkgreen darkgrey darkkhaki darkmagenta darkolivegreen darkorange darkorchid darkred darksalmon darkseagreen darkslateblue darkslategray darkslategrey darkturquoise darkviolet deeppink deepskyblue dimgray dimgrey dodgerblue firebrick floralwhite forestgreen fuchsia gainsboro ghostwhite gold goldenrod gray green greenyellow grey honeydew hotpink indianred indigo ivory khaki lavender lavenderblush lawngreen lemonchiffon lightblue lightcoral lightcyan lightgoldenrodyellow lightgray lightgreen lightgrey lightpink lightsalmon lightseagreen lightskyblue lightslategray lightslategrey lightsteelblue lightyellow lime limegreen linen magenta maroon mediumaquamarine mediumblue mediumorchid mediumpurple mediumseagreen mediumslateblue mediumspringgreen mediumturquoise mediumvioletred midnightblue mintcream mistyrose moccasin navajowhite navy oldlace olive olivedrab orange orangered orchid palegoldenrod palegreen paleturquoise palevioletred papayawhip peachpuff peru pink plum powderblue purple rebeccapurple red rosybrown royalblue saddlebrown salmon sandybrown seagreen seashell sienna silver skyblue slateblue slategray slategrey snow springgreen steelblue tan teal thistle tomato turquoise violet wheat white whitesmoke yellow yellowgreen transparent currentColor AccentColor AccentColorText ActiveText ButtonBorder ButtonFace ButtonText Canvas CanvasText Field FieldText GrayText Highlight HighlightText LinkText Mark MarkText SelectedItem SelectedItemText VisitedText ActiveBorder ActiveCaption AppWorkspace Background ButtonHighlight ButtonShadow CaptionText InactiveBorder InactiveCaption InactiveCaptionText InfoBackground InfoText Menu MenuText Scrollbar ThreeDDarkShadow ThreeDFace ThreeDHighlight ThreeDLightShadow ThreeDShadow Window WindowFrame WindowText image-1D	https://drafts.csswg.org/css-borders-4/#propdef-border-left-color
border-left-radius	<length-percentage [0,∞]>{1,2} [ / <length-percentage [0,∞]>{1,2} ]?		https://drafts.csswg.org/css-borders-4/#propdef-border-left-radius
border-left-style	<line-style>	none hidden dotted dashed solid double groove ridge inset outset	https://drafts.csswg.org/css-borders-4/#propdef-border-left-style
border-left-width	<line-width>	hairline thin medium thick	https://drafts.csswg.org/css-borders-4/#propdef-border-left-width
border-limit	all | [ sides | corners ] <length-percentage [0,∞]>? | [ top | right | bottom | left ] <length-percentage [0,∞]>	all sides corners top right bottom left	https://drafts.csswg.org/css-borders-4/#propdef-border-limit
border-radius	<length-percentage [0,∞]>{1,4} [ / <length-percentage [0,∞]>{1,4} ]?		https://drafts.csswg.org/css-borders-4/#propdef-border-radius
border-right	<line-width> || <line-style> || <color>	hairline thin medium thick none hidden dotted dashed solid double groove ridge inset outset aliceblue antiquewhite aqua aquamarine azure beige bisque black blanchedalmond blue blueviolet brown burlywood cadetblue chartreuse chocolate coral cornflowerblue cornsilk crimson cyan darkblue darkcyan darkgoldenrod darkgray darkgreen darkgrey darkkhaki darkmagenta darkolivegreen darkorange darkorchid darkred darksalmon darkseagreen darkslateblue darkslategray darkslategrey darkturquoise darkviolet deeppink deepskyblue dimgray dimgrey dodgerblue firebrick floralwhite forestgreen fuchsia gainsboro ghostwhite gold goldenrod gray green greenyellow grey honeydew hotpink indianred indigo ivory khaki lavender lavenderblush lawngreen lemonchiffon lightblue lightcoral lightcyan lightgoldenrodyellow lightgray lightgreen lightgrey lightpink lightsalmon lightseagreen lightskyblue lightslategray lightslategrey lightsteelblue lightyellow lime limegreen linen magenta maroon mediumaquamarine mediumblue mediumorchid mediumpurple mediumseagreen mediumslateblue mediumspringgreen mediumturquoise mediumvioletred midnightblue mintcream mistyrose moccasin navajowhite navy oldlace olive olivedrab orange orangered orchid palegoldenrod palegreen paleturquoise palevioletred papayawhip peachpuff peru pink plum powderblue purple rebeccapurple red rosybrown royalblue saddlebrown salmon sandybrown seagreen seashell sienna silver skyblue slateblue slategray slategrey snow springgreen steelblue tan teal thistle tomato turquoise violet wheat white whitesmoke yellow yellowgreen transparent currentColor AccentColor AccentColorText ActiveText ButtonBorder ButtonFace ButtonText Canvas CanvasText Field FieldText GrayText Highlight HighlightText LinkText Mark MarkText SelectedItem SelectedItemText VisitedText ActiveBorder ActiveCaption AppWorkspace Background ButtonHighlight ButtonShadow CaptionText InactiveBorder InactiveCaption InactiveCaptionText InfoBackground InfoText Menu MenuText Scrollbar ThreeDDarkShadow ThreeDFace	https://drafts.csswg.org/css-borders-4/#propdef-border-right
border-right-clip	none | [ <length-percentage [0,∞]> | <flex> ]+	none	https://drafts.csswg.org/css-borders-4/#propdef-border-right-clip
border-right-color	<color> | <image-1D>	aliceblue antiquewhite aqua aquamarine azure beige bisque black blanchedalmond blue blueviolet brown burlywood cadetblue chartreuse chocolate coral cornflowerblue cornsilk crimson cyan darkblue darkcyan darkgoldenrod darkgray darkgreen darkgrey darkkhaki darkmagenta darkolivegreen darkorange darkorchid darkred darksalmon darkseagreen darkslateblue darkslategray darkslategrey darkturquoise darkviolet deeppink deepskyblue dimgray dimgrey dodgerblue firebrick floralwhite forestgreen fuchsia gainsboro ghostwhite gold goldenrod gray green greenyellow grey honeydew hotpink indianred indigo ivory khaki lavender lavenderblush lawngreen lemonchiffon lightblue lightcoral lightcyan lightgoldenrodyellow lightgray lightgreen lightgrey lightpink lightsalmon lightseagreen lightskyblue lightslategray lightslategrey lightsteelblue lightyellow lime limegreen linen magenta maroon mediumaquamarine mediumblue mediumorchid mediumpurple mediumseagreen mediumslateblue mediumspringgreen mediumturquoise mediumvioletred midnightblue mintcream mistyrose moccasin navajowhite navy oldlace olive olivedrab orange orangered orchid palegoldenrod palegreen paleturquoise palevioletred papayawhip peachpuff peru pink plum powderblue purple rebeccapurple red rosybrown royalblue saddlebrown salmon sandybrown seagreen seashell sienna silver skyblue slateblue slategray slategrey snow springgreen steelblue tan teal thistle tomato turquoise violet wheat white whitesmoke yellow yellowgreen transparent currentColor AccentColor AccentColorText ActiveText ButtonBorder ButtonFace ButtonText Canvas CanvasText Field FieldText GrayText Highlight HighlightText LinkText Mark MarkText SelectedItem SelectedItemText VisitedText ActiveBorder ActiveCaption AppWorkspace Background ButtonHighlight ButtonShadow CaptionText InactiveBorder InactiveCaption InactiveCaptionText InfoBackground InfoText Menu MenuText Scrollbar ThreeDDarkShadow ThreeDFace ThreeDHighlight ThreeDLightShadow ThreeDShadow Window WindowFrame WindowText image-1D	https://drafts.csswg.org/css-borders-4/#propdef-border-right-color
border-right-radius	<length-percentage [0,∞]>{1,2} [ / <length-percentage [0,∞]>{1,2} ]?		https://drafts.csswg.org/css-borders-4/#propdef-border-right-radius
border-right-style	<line-style>	none hidden dotted dashed solid double groove ridge inset outset	https://drafts.csswg.org/css-borders-4/#propdef-border-right-style
border-right-width	<line-width>	hairline thin medium thick	https://drafts.csswg.org/css-borders-4/#propdef-border-right-width
border-shape	none | [ <basic-shape> <geometry-box>?]{1,2}	none content-box padding-box border-box margin-box half-border-box fill-box stroke-box view-box	https://drafts.csswg.org/css-borders-4/#propdef-border-shape
border-spacing	<length [0,∞]>{1,2}		https://drafts.csswg.org/css-tables-3/#propdef-border-spacing
border-start-end-radius	<border-radius>		https://drafts.csswg.org/css-borders-4/#propdef-border-start-end-radius
border-start-start-radius	<border-radius>		https://drafts.csswg.org/css-borders-4/#propdef-border-start-start-radius
border-style	<'border-top-style'>{1,4}	none hidden dotted dashed solid double groove ridge inset outset	https://drafts.csswg.org/css-borders-4/#propdef-border-style
border-top	<line-width> || <line-style> || <color>	hairline thin medium thick none hidden dotted dashed solid double groove ridge inset outset aliceblue antiquewhite aqua aquamarine azure beige bisque black blanchedalmond blue blueviolet brown burlywood cadetblue chartreuse chocolate coral cornflowerblue cornsilk crimson cyan darkblue darkcyan darkgoldenrod darkgray darkgreen darkgrey darkkhaki darkmagenta darkolivegreen darkorange darkorchid darkred darksalmon darkseagreen darkslateblue darkslategray darkslategrey darkturquoise darkviolet deeppink deepskyblue dimgray dimgrey dodgerblue firebrick floralwhite forestgreen fuchsia gainsboro ghostwhite gold goldenrod gray green greenyellow grey honeydew hotpink indianred indigo ivory khaki lavender lavenderblush lawngreen lemonchiffon lightblue lightcoral lightcyan lightgoldenrodyellow lightgray lightgreen lightgrey lightpink lightsalmon lightseagreen lightskyblue lightslategray lightslategrey lightsteelblue lightyellow lime limegreen linen magenta maroon mediumaquamarine mediumblue mediumorchid mediumpurple mediumseagreen mediumslateblue mediumspringgreen mediumturquoise mediumvioletred midnightblue mintcream mistyrose moccasin navajowhite navy oldlace olive olivedrab orange orangered orchid palegoldenrod palegreen paleturquoise palevioletred papayawhip peachpuff peru pink plum powderblue purple rebeccapurple red rosybrown royalblue saddlebrown salmon sandybrown seagreen seashell sienna silver skyblue slateblue slategray slategrey snow springgreen steelblue tan teal thistle tomato turquoise violet wheat white whitesmoke yellow yellowgreen transparent currentColor AccentColor AccentColorText ActiveText ButtonBorder ButtonFace ButtonText Canvas CanvasText Field FieldText GrayText Highlight HighlightText LinkText Mark MarkText SelectedItem SelectedItemText VisitedText ActiveBorder ActiveCaption AppWorkspace Background ButtonHighlight ButtonShadow CaptionText InactiveBorder InactiveCaption InactiveCaptionText InfoBackground InfoText Menu MenuText Scrollbar ThreeDDarkShadow ThreeDFace	https://drafts.csswg.org/css-borders-4/#propdef-border-top
border-top-clip	none | [ <length-percentage [0,∞]> | <flex> ]+	none	https://drafts.csswg.org/css-borders-4/#propdef-border-top-clip
border-top-color	<color> | <image-1D>	aliceblue antiquewhite aqua aquamarine azure beige bisque black blanchedalmond blue blueviolet brown burlywood cadetblue chartreuse chocolate coral cornflowerblue cornsilk crimson cyan darkblue darkcyan darkgoldenrod darkgray darkgreen darkgrey darkkhaki darkmagenta darkolivegreen darkorange darkorchid darkred darksalmon darkseagreen darkslateblue darkslategray darkslategrey darkturquoise darkviolet deeppink deepskyblue dimgray dimgrey dodgerblue firebrick floralwhite forestgreen fuchsia gainsboro ghostwhite gold goldenrod gray green greenyellow grey honeydew hotpink indianred indigo ivory khaki lavender lavenderblush lawngreen lemonchiffon lightblue lightcoral lightcyan lightgoldenrodyellow lightgray lightgreen lightgrey lightpink lightsalmon lightseagreen lightskyblue lightslategray lightslategrey lightsteelblue lightyellow lime limegreen linen magenta maroon mediumaquamarine mediumblue mediumorchid mediumpurple mediumseagreen mediumslateblue mediumspringgreen mediumturquoise mediumvioletred midnightblue mintcream mistyrose moccasin navajowhite navy oldlace olive olivedrab orange orangered orchid palegoldenrod palegreen paleturquoise palevioletred papayawhip peachpuff peru pink plum powderblue purple rebeccapurple red rosybrown royalblue saddlebrown salmon sandybrown seagreen seashell sienna silver skyblue slateblue slategray slategrey snow springgreen steelblue tan teal thistle tomato turquoise violet wheat white whitesmoke yellow yellowgreen transparent currentColor AccentColor AccentColorText ActiveText ButtonBorder ButtonFace ButtonText Canvas CanvasText Field FieldText GrayText Highlight HighlightText LinkText Mark MarkText SelectedItem SelectedItemText VisitedText ActiveBorder ActiveCaption AppWorkspace Background ButtonHighlight ButtonShadow CaptionText InactiveBorder InactiveCaption InactiveCaptionText InfoBackground InfoText Menu MenuText Scrollbar ThreeDDarkShadow ThreeDFace ThreeDHighlight ThreeDLightShadow ThreeDShadow Window WindowFrame WindowText image-1D	https://drafts.csswg.org/css-borders-4/#propdef-border-top-color
border-top-left-radius	<border-radius>		https://drafts.csswg.org/css-borders-4/#propdef-border-top-left-radius
border-top-radius	<length-percentage [0,∞]>{1,2} [ / <length-percentage [0,∞]>{1,2} ]?		https://drafts.csswg.org/css-borders-4/#propdef-border-top-radius
border-top-right-radius	<border-radius>		https://drafts.csswg.org/css-borders-4/#propdef-border-top-right-radius
border-top-style	<line-style>	none hidden dotted dashed solid double groove ridge inset outset	https://drafts.csswg.org/css-borders-4/#propdef-border-top-style
border-top-width	<line-width>	hairline thin medium thick	https://drafts.csswg.org/css-borders-4/#propdef-border-top-width
border-width	<'border-top-width'>{1,4}	hairline thin medium thick	https://drafts.csswg.org/css-borders-4/#propdef-border-width
bottom	auto | <length-percentage> | <anchor()> | <anchor-size()>	auto width height block inline self-block self-inline	https://drafts.csswg.org/css-position-3/#propdef-bottom
box-decoration-break	slice | clone	slice clone	https://drafts.csswg.org/css-break-4/#propdef-box-decoration-break
box-shadow	<spread-shadow>#	aliceblue antiquewhite aqua aquamarine azure beige bisque black blanchedalmond blue blueviolet brown burlywood cadetblue chartreuse chocolate coral cornflowerblue cornsilk crimson cyan darkblue darkcyan darkgoldenrod darkgray darkgreen darkgrey darkkhaki darkmagenta darkolivegreen darkorange darkorchid darkred darksalmon darkseagreen darkslateblue darkslategray darkslategrey darkturquoise darkviolet deeppink deepskyblue dimgray dimgrey dodgerblue firebrick floralwhite forestgreen fuchsia gainsboro ghostwhite gold goldenrod gray green greenyellow grey honeydew hotpink indianred indigo ivory khaki lavender lavenderblush lawngreen lemonchiffon lightblue lightcoral lightcyan lightgoldenrodyellow lightgray lightgreen lightgrey lightpink lightsalmon lightseagreen lightskyblue lightslategray lightslategrey lightsteelblue lightyellow lime limegreen linen magenta maroon mediumaquamarine mediumblue mediumorchid mediumpurple mediumseagreen mediumslateblue mediumspringgreen mediumturquoise mediumvioletred midnightblue mintcream mistyrose moccasin navajowhite navy oldlace olive olivedrab orange orangered orchid palegoldenrod palegreen paleturquoise palevioletred papayawhip peachpuff peru pink plum powderblue purple rebeccapurple red rosybrown royalblue saddlebrown salmon sandybrown seagreen seashell sienna silver skyblue slateblue slategray slategrey snow springgreen steelblue tan teal thistle tomato turquoise violet wheat white whitesmoke yellow yellowgreen transparent currentColor AccentColor AccentColorText ActiveText ButtonBorder ButtonFace ButtonText Canvas CanvasText Field FieldText GrayText Highlight HighlightText LinkText Mark MarkText SelectedItem SelectedItemText VisitedText ActiveBorder ActiveCaption AppWorkspace Background ButtonHighlight ButtonShadow CaptionText InactiveBorder InactiveCaption InactiveCaptionText InfoBackground InfoText Menu MenuText Scrollbar ThreeDDarkShadow ThreeDFace ThreeDHighlight ThreeDLightShadow ThreeDShadow Window WindowFrame WindowText outset inset none	https://drafts.csswg.org/css-borders-4/#propdef-box-shadow
box-shadow-blur	<length [0,∞]>#		https://drafts.csswg.org/css-borders-4/#propdef-box-shadow-blur
box-shadow-color	<color>#	aliceblue antiquewhite aqua aquamarine azure beige bisque black blanchedalmond blue blueviolet brown burlywood cadetblue chartreuse chocolate coral cornflowerblue cornsilk crimson cyan darkblue darkcyan darkgoldenrod darkgray darkgreen darkgrey darkkhaki darkmagenta darkolivegreen darkorange darkorchid darkred darksalmon darkseagreen darkslateblue darkslategray darkslategrey darkturquoise darkviolet deeppink deepskyblue dimgray dimgrey dodgerblue firebrick floralwhite forestgreen fuchsia gainsboro ghostwhite gold goldenrod gray green greenyellow grey honeydew hotpink indianred indigo ivory khaki lavender lavenderblush lawngreen lemonchiffon lightblue lightcoral lightcyan lightgoldenrodyellow lightgray lightgreen lightgrey lightpink lightsalmon lightseagreen lightskyblue lightslategray lightslategrey lightsteelblue lightyellow lime limegreen linen magenta maroon mediumaquamarine mediumblue mediumorchid mediumpurple mediumseagreen mediumslateblue mediumspringgreen mediumturquoise mediumvioletred midnightblue mintcream mistyrose moccasin navajowhite navy oldlace olive olivedrab orange orangered orchid palegoldenrod palegreen paleturquoise palevioletred papayawhip peachpuff peru pink plum powderblue purple rebeccapurple red rosybrown royalblue saddlebrown salmon sandybrown seagreen seashell sienna silver skyblue slateblue slategray slategrey snow springgreen steelblue tan teal thistle tomato turquoise violet wheat white whitesmoke yellow yellowgreen transparent currentColor AccentColor AccentColorText ActiveText ButtonBorder ButtonFace ButtonText Canvas CanvasText Field FieldText GrayText Highlight HighlightText LinkText Mark MarkText SelectedItem SelectedItemText VisitedText ActiveBorder ActiveCaption AppWorkspace Background ButtonHighlight ButtonShadow CaptionText InactiveBorder InactiveCaption InactiveCaptionText InfoBackground InfoText Menu MenuText Scrollbar ThreeDDarkShadow ThreeDFace ThreeDHighlight ThreeDLightShadow ThreeDShadow Window WindowFrame WindowText	https://drafts.csswg.org/css-borders-4/#propdef-box-shadow-color
box-shadow-offset	[ none | <length>{1,2} ]#	none	https://drafts.csswg.org/css-borders-4/#propdef-box-shadow-offset
box-shadow-position	[ outset | inset ]#	outset inset	https://drafts.csswg.org/css-borders-4/#propdef-box-shadow-position
box-shadow-spread	<length>#		https://drafts.csswg.org/css-borders-4/#propdef-box-shadow-spread
box-sizing	content-box | border-box	content-box border-box	https://drafts.csswg.org/css-sizing-3/#propdef-box-sizing
box-snap	none | block-start | block-end | center | baseline | last-baseline	none block-start block-end center baseline last-baseline	https://drafts.csswg.org/css-line-grid-1/#propdef-box-snap
break-after	auto | avoid | always | all | avoid-page | page | left | right | recto | verso | avoid-column | column | avoid-region | region	auto avoid always all avoid-page page left right recto verso avoid-column column avoid-region region	https://drafts.csswg.org/css-break-4/#propdef-break-after
break-before	auto | avoid | always | all | avoid-page | page | left | right | recto | verso | avoid-column | column | avoid-region | region	auto avoid always all avoid-page page left right recto verso avoid-column column avoid-region region	https://drafts.csswg.org/css-break-4/#propdef-break-before
break-inside	auto | avoid | avoid-page | avoid-column | avoid-region	auto avoid avoid-page avoid-column avoid-region	https://drafts.csswg.org/css-break-4/#propdef-break-inside
caption-side	top | bottom	top bottom	https://drafts.csswg.org/css-tables-3/#propdef-caption-side
caret	<'caret-color'> || <'caret-animation'> || <'caret-shape'>	auto aliceblue antiquewhite aqua aquamarine azure beige bisque black blanchedalmond blue blueviolet brown burlywood cadetblue chartreuse chocolate coral cornflowerblue cornsilk crimson cyan darkblue darkcyan darkgoldenrod darkgray darkgreen darkgrey darkkhaki darkmagenta darkolivegreen darkorange darkorchid darkred darksalmon darkseagreen darkslateblue darkslategray darkslategrey darkturquoise darkviolet deeppink deepskyblue dimgray dimgrey dodgerblue firebrick floralwhite forestgreen fuchsia gainsboro ghostwhite gold goldenrod gray green greenyellow grey honeydew hotpink indianred indigo ivory khaki lavender lavenderblush lawngreen lemonchiffon lightblue lightcoral lightcyan lightgoldenrodyellow lightgray lightgreen lightgrey lightpink lightsalmon lightseagreen lightskyblue lightslategray lightslategrey lightsteelblue lightyellow lime limegreen linen magenta maroon mediumaquamarine mediumblue mediumorchid mediumpurple mediumseagreen mediumslateblue mediumspringgreen mediumturquoise mediumvioletred midnightblue mintcream mistyrose moccasin navajowhite navy oldlace olive olivedrab orange orangered orchid palegoldenrod palegreen paleturquoise palevioletred papayawhip peachpuff peru pink plum powderblue purple rebeccapurple red rosybrown royalblue saddlebrown salmon sandybrown seagreen seashell sienna silver skyblue slateblue slategray slategrey snow springgreen steelblue tan teal thistle tomato turquoise violet wheat white whitesmoke yellow yellowgreen transparent currentColor AccentColor AccentColorText ActiveText ButtonBorder ButtonFace ButtonText Canvas CanvasText Field FieldText GrayText Highlight HighlightText LinkText Mark MarkText SelectedItem SelectedItemText VisitedText ActiveBorder ActiveCaption AppWorkspace Background ButtonHighlight ButtonShadow CaptionText InactiveBorder InactiveCaption InactiveCaptionText InfoBackground InfoText Menu MenuText Scrollbar ThreeDDarkShadow ThreeDFace ThreeDHighlight ThreeDLightShadow ThreeDShadow Window WindowFrame WindowText manual bar block underscore	https://drafts.csswg.org/css-ui-4/#propdef-caret
caret-animation	auto | manual	auto manual	https://drafts.csswg.org/css-ui-4/#propdef-caret-animation
caret-color	auto | <color> [auto | <color>]?	auto aliceblue antiquewhite aqua aquamarine azure beige bisque black blanchedalmond blue blueviolet brown burlywood cadetblue chartreuse chocolate coral cornflowerblue cornsilk crimson cyan darkblue darkcyan darkgoldenrod darkgray darkgreen darkgrey darkkhaki darkmagenta darkolivegreen darkorange darkorchid darkred darksalmon darkseagreen darkslateblue darkslategray darkslategrey darkturquoise darkviolet deeppink deepskyblue dimgray dimgrey dodgerblue firebrick floralwhite forestgreen fuchsia gainsboro ghostwhite gold goldenrod gray green greenyellow grey honeydew hotpink indianred indigo ivory khaki lavender lavenderblush lawngreen lemonchiffon lightblue lightcoral lightcyan lightgoldenrodyellow lightgray lightgreen lightgrey lightpink lightsalmon lightseagreen lightskyblue lightslategray lightslategrey lightsteelblue lightyellow lime limegreen linen magenta maroon mediumaquamarine mediumblue mediumorchid mediumpurple mediumseagreen mediumslateblue mediumspringgreen mediumturquoise mediumvioletred midnightblue mintcream mistyrose moccasin navajowhite navy oldlace olive olivedrab orange orangered orchid palegoldenrod palegreen paleturquoise palevioletred papayawhip peachpuff peru pink plum powderblue purple rebeccapurple red rosybrown royalblue saddlebrown salmon sandybrown seagreen seashell sienna silver skyblue slateblue slategray slategrey snow springgreen steelblue tan teal thistle tomato turquoise violet wheat white whitesmoke yellow yellowgreen transparent currentColor AccentColor AccentColorText ActiveText ButtonBorder ButtonFace ButtonText Canvas CanvasText Field FieldText GrayText Highlight HighlightText LinkText Mark MarkText SelectedItem SelectedItemText VisitedText ActiveBorder ActiveCaption AppWorkspace Background ButtonHighlight ButtonShadow CaptionText InactiveBorder InactiveCaption InactiveCaptionText InfoBackground InfoText Menu MenuText Scrollbar ThreeDDarkShadow ThreeDFace ThreeDHighlight ThreeDLightShadow ThreeDShadow Window WindowFrame WindowText	https://drafts.csswg.org/css-ui-4/#propdef-caret-color
caret-shape	auto | bar | block | underscore	auto bar block underscore	https://drafts.csswg.org/css-ui-4/#propdef-caret-shape
clear	inline-start | inline-end | block-start | block-end | left | right | top | bottom | both-inline | both-block | both | none	inline-start inline-end block-start block-end left right top bottom both-inline both-block both none	https://drafts.csswg.org/css-page-floats-3/#propdef-clear
clip	<rect()> | auto	auto	https://drafts.csswg.org/css-masking-1/#propdef-clip
clip-path	<clip-source> | [ <basic-shape> || <geometry-box> ] | none	content-box padding-box border-box margin-box half-border-box fill-box stroke-box view-box none	https://drafts.csswg.org/css-masking-1/#propdef-clip-path
clip-rule	nonzero | evenodd	nonzero evenodd	https://drafts.csswg.org/css-masking-1/#propdef-clip-rule
color	<color>	aliceblue antiquewhite aqua aquamarine azure beige bisque black blanchedalmond blue blueviolet brown burlywood cadetblue chartreuse chocolate coral cornflowerblue cornsilk crimson cyan darkblue darkcyan darkgoldenrod darkgray darkgreen darkgrey darkkhaki darkmagenta darkolivegreen darkorange darkorchid darkred darksalmon darkseagreen darkslateblue darkslategray darkslategrey darkturquoise darkviolet deeppink deepskyblue dimgray dimgrey dodgerblue firebrick floralwhite forestgreen fuchsia gainsboro ghostwhite gold goldenrod gray green greenyellow grey honeydew hotpink indianred indigo ivory khaki lavender lavenderblush lawngreen lemonchiffon lightblue lightcoral lightcyan lightgoldenrodyellow lightgray lightgreen lightgrey lightpink lightsalmon lightseagreen lightskyblue lightslategray lightslategrey lightsteelblue lightyellow lime limegreen linen magenta maroon mediumaquamarine mediumblue mediumorchid mediumpurple mediumseagreen mediumslateblue mediumspringgreen mediumturquoise mediumvioletred midnightblue mintcream mistyrose moccasin navajowhite navy oldlace olive olivedrab orange orangered orchid palegoldenrod palegreen paleturquoise palevioletred papayawhip peachpuff peru pink plum powderblue purple rebeccapurple red rosybrown royalblue saddlebrown salmon sandybrown seagreen seashell sienna silver skyblue slateblue slategray slategrey snow springgreen steelblue tan teal thistle tomato turquoise violet wheat white whitesmoke yellow yellowgreen transparent currentColor AccentColor AccentColorText ActiveText ButtonBorder ButtonFace ButtonText Canvas CanvasText Field FieldText GrayText Highlight HighlightText LinkText Mark MarkText SelectedItem SelectedItemText VisitedText ActiveBorder ActiveCaption AppWorkspace Background ButtonHighlight ButtonShadow CaptionText InactiveBorder InactiveCaption InactiveCaptionText InfoBackground InfoText Menu MenuText Scrollbar ThreeDDarkShadow ThreeDFace ThreeDHighlight ThreeDLightShadow ThreeDShadow Window WindowFrame WindowText	https://drafts.csswg.org/css-color-4/#propdef-color
color-adjust	<'print-color-adjust'>	economy exact	https://drafts.csswg.org/css-color-adjust-1/#propdef-color-adjust
color-interpolation	auto | sRGB | linearRGB	auto sRGB linearRGB	https://w3c.github.io/svgwg/svg2-draft/painting.html#ColorInterpolationProperty
color-interpolation-filters	auto | sRGB | linearRGB	auto sRGB linearRGB	https://drafts.csswg.org/filter-effects-1/#propdef-color-interpolation-filters
color-scheme	normal | [ light | dark | <custom-ident> ]+ && only?	normal light dark only	https://drafts.csswg.org/css-color-adjust-1/#propdef-color-scheme
column-count	auto | <integer [1,∞]>	auto	https://drafts.csswg.org/css-multicol-2/#propdef-column-count
column-fill	auto | balance | balance-all	auto balance balance-all	https://drafts.csswg.org/css-multicol-2/#propdef-column-fill
column-gap	normal | <length-percentage [0,∞]> | <line-width>	normal hairline thin medium thick	https://drafts.csswg.org/css-gaps-1/#propdef-column-gap
column-height	auto | <length [0,∞]>	auto	https://drafts.csswg.org/css-multicol-2/#propdef-column-height
column-rule	<gap-rule-list> | <gap-auto-rule-list>	hairline thin medium thick none hidden dotted dashed solid double groove ridge inset outset aliceblue antiquewhite aqua aquamarine azure beige bisque black blanchedalmond blue blueviolet brown burlywood cadetblue chartreuse chocolate coral cornflowerblue cornsilk crimson cyan darkblue darkcyan darkgoldenrod darkgray darkgreen darkgrey darkkhaki darkmagenta darkolivegreen darkorange darkorchid darkred darksalmon darkseagreen darkslateblue darkslategray darkslategrey darkturquoise darkviolet deeppink deepskyblue dimgray dimgrey dodgerblue firebrick floralwhite forestgreen fuchsia gainsboro ghostwhite gold goldenrod gray green greenyellow grey honeydew hotpink indianred indigo ivory khaki lavender lavenderblush lawngreen lemonchiffon lightblue lightcoral lightcyan lightgoldenrodyellow lightgray lightgreen lightgrey lightpink lightsalmon lightseagreen lightskyblue lightslategray lightslategrey lightsteelblue lightyellow lime limegreen linen magenta maroon mediumaquamarine mediumblue mediumorchid mediumpurple mediumseagreen mediumslateblue mediumspringgreen mediumturquoise mediumvioletred midnightblue mintcream mistyrose moccasin navajowhite navy oldlace olive olivedrab orange orangered orchid palegoldenrod palegreen paleturquoise palevioletred papayawhip peachpuff peru pink plum powderblue purple rebeccapurple red rosybrown royalblue saddlebrown salmon sandybrown seagreen seashell sienna silver skyblue slateblue slategray slategrey snow springgreen steelblue tan teal thistle tomato turquoise violet wheat white whitesmoke yellow yellowgreen transparent currentColor AccentColor AccentColorText ActiveText ButtonBorder ButtonFace ButtonText Canvas CanvasText Field FieldText GrayText Highlight HighlightText LinkText Mark MarkText SelectedItem SelectedItemText VisitedText ActiveBorder ActiveCaption AppWorkspace Background ButtonHighlight ButtonShadow CaptionText InactiveBorder InactiveCaption InactiveCaptionText InfoBackground InfoText Menu MenuText Scrollbar ThreeDDarkShadow ThreeDFace	https://drafts.csswg.org/css-gaps-1/#propdef-column-rule
column-rule-break	none | normal | intersection	none normal intersection	https://drafts.csswg.org/css-gaps-1/#propdef-column-rule-break
column-rule-color	<line-color-list> | <auto-line-color-list>	aliceblue antiquewhite aqua aquamarine azure beige bisque black blanchedalmond blue blueviolet brown burlywood cadetblue chartreuse chocolate coral cornflowerblue cornsilk crimson cyan darkblue darkcyan darkgoldenrod darkgray darkgreen darkgrey darkkhaki darkmagenta darkolivegreen darkorange darkorchid darkred darksalmon darkseagreen darkslateblue darkslategray darkslategrey darkturquoise darkviolet deeppink deepskyblue dimgray dimgrey dodgerblue firebrick floralwhite forestgreen fuchsia gainsboro ghostwhite gold goldenrod gray green greenyellow grey honeydew hotpink indianred indigo ivory khaki lavender lavenderblush lawngreen lemonchiffon lightblue lightcoral lightcyan lightgoldenrodyellow lightgray lightgreen lightgrey lightpink lightsalmon lightseagreen lightskyblue lightslategray lightslategrey lightsteelblue lightyellow lime limegreen linen magenta maroon mediumaquamarine mediumblue mediumorchid mediumpurple mediumseagreen mediumslateblue mediumspringgreen mediumturquoise mediumvioletred midnightblue mintcream mistyrose moccasin navajowhite navy oldlace olive olivedrab orange orangered orchid palegoldenrod palegreen paleturquoise palevioletred papayawhip peachpuff peru pink plum powderblue purple rebeccapurple red rosybrown royalblue saddlebrown salmon sandybrown seagreen seashell sienna silver skyblue slateblue slategray slategrey snow springgreen steelblue tan teal thistle tomato turquoise violet wheat white whitesmoke yellow yellowgreen transparent currentColor AccentColor AccentColorText ActiveText ButtonBorder ButtonFace ButtonText Canvas CanvasText Field FieldText GrayText Highlight HighlightText LinkText Mark MarkText SelectedItem SelectedItemText VisitedText ActiveBorder ActiveCaption AppWorkspace Background ButtonHighlight ButtonShadow CaptionText InactiveBorder InactiveCaption InactiveCaptionText InfoBackground InfoText Menu MenuText Scrollbar ThreeDDarkShadow ThreeDFace ThreeDHighlight ThreeDLightShadow ThreeDShadow Window WindowFrame WindowText auto	https://drafts.csswg.org/css-gaps-1/#propdef-column-rule-color
column-rule-inset	<'column-rule-inset-cap'> [ / <'column-rule-inset-junction'> ]?	overlap-join	https://drafts.csswg.org/css-gaps-1/#propdef-column-rule-inset
column-rule-inset-cap	<inset-value> <inset-value>?	overlap-join	https://drafts.csswg.org/css-gaps-1/#propdef-column-rule-inset-cap
column-rule-inset-cap-end	<inset-value>	overlap-join	https://drafts.csswg.org/css-gaps-1/#propdef-column-rule-inset-cap-end
column-rule-inset-cap-start	<inset-value>	overlap-join	https://drafts.csswg.org/css-gaps-1/#propdef-column-rule-inset-cap-start
column-rule-inset-end	<inset-value>	overlap-join	https://drafts.csswg.org/css-gaps-1/#propdef-column-rule-inset-end
column-rule-inset-junction	<inset-value> <inset-value>?	overlap-join	https://drafts.csswg.org/css-gaps-1/#propdef-column-rule-inset-junction
column-rule-inset-junction-end	<inset-value>	overlap-join	https://drafts.csswg.org/css-gaps-1/#propdef-column-rule-inset-junction-end
column-rule-inset-junction-start	<inset-value>	overlap-join	https://drafts.csswg.org/css-gaps-1/#propdef-column-rule-inset-junction-start
column-rule-inset-start	<inset-value>	overlap-join	https://drafts.csswg.org/css-gaps-1/#propdef-column-rule-inset-start
column-rule-style	<line-style-list> | <auto-line-style-list>	none hidden dotted dashed solid double groove ridge inset outset auto	https://drafts.csswg.org/css-gaps-1/#propdef-column-rule-style
column-rule-visibility-items	all | around | between | normal	all around between normal	https://drafts.csswg.org/css-gaps-1/#propdef-column-rule-visibility-items
column-rule-width	<line-width-list> | <auto-line-width-list>	hairline thin medium thick auto	https://drafts.csswg.org/css-gaps-1/#propdef-column-rule-width
column-span	none | <integer [1,∞]> | all | auto	none all auto	https://drafts.csswg.org/css-multicol-2/#propdef-column-span
column-width	auto | <box-size>	auto stretch contain min-content max-content fit-content	https://drafts.csswg.org/css-sizing-4/#column-sizing
column-wrap	auto | nowrap | wrap	auto nowrap wrap	https://drafts.csswg.org/css-multicol-2/#propdef-column-wrap
columns	[ <'column-width'> || <'column-count'> ] [ / <'column-height'> ]?	auto stretch contain min-content max-content fit-content	https://drafts.csswg.org/css-multicol-2/#propdef-columns
contain	none | strict | content | [ [size | inline-size] || layout || style || paint ]	none strict content size inline-size layout style paint	https://drafts.csswg.org/css-contain-2/#propdef-contain
contain-intrinsic-block-size	auto? [ none | <length [0,∞]> ]	auto none	https://drafts.csswg.org/css-sizing-4/#propdef-contain-intrinsic-block-size
contain-intrinsic-height	auto? [ none | <length [0,∞]> ]	auto none	https://drafts.csswg.org/css-sizing-4/#propdef-contain-intrinsic-height
contain-intrinsic-inline-size	auto? [ none | <length [0,∞]> ]	auto none	https://drafts.csswg.org/css-sizing-4/#propdef-contain-intrinsic-inline-size
contain-intrinsic-size	[ auto? [ none | <length [0,∞]> ] ]{1,2}	auto none	https://drafts.csswg.org/css-sizing-4/#propdef-contain-intrinsic-size
contain-intrinsic-width	auto? [ none | <length [0,∞]> ]	auto none	https://drafts.csswg.org/css-sizing-4/#propdef-contain-intrinsic-width
container	<'container-name'> [ / <'container-type'> ]?	none normal size inline-size scroll-state	https://drafts.csswg.org/css-conditional-5/#propdef-container
container-name	none | <custom-ident>+	none	https://drafts.csswg.org/css-conditional-5/#propdef-container-name
container-type	normal | [ [ size | inline-size ] || scroll-state ]	normal size inline-size scroll-state	https://drafts.csswg.org/css-conditional-5/#propdef-container-type
content	normal | none | [ <content-replacement> | <content-list> ] [/ [ <string> | <counter> | <attr()> ]+ ]? | <element()>	normal none	https://drafts.csswg.org/css-content-3/#propdef-content
content-visibility	visible | auto | hidden	visible auto hidden	https://drafts.csswg.org/css-contain-2/#propdef-content-visibility
continue	auto | discard | collapse | -webkit-legacy | overflow | paginate | fragments	auto discard collapse webkit-legacy overflow paginate fragments	https://drafts.csswg.org/css-overflow-4/#propdef-continue
copy-into	none | [ [ <custom-ident> <content-level>] [, <custom-ident> <content-level>]* ]?	none element content text	https://drafts.csswg.org/css-gcpm-4/#propdef-copy-into
corner	<'border-radius'> || <'corner-shape'>	round scoop bevel notch square squircle	https://drafts.csswg.org/css-borders-4/#propdef-corner
corner-block-end	<'border-top-radius'> || <'corner-top-shape'>	round scoop bevel notch square squircle	https://drafts.csswg.org/css-borders-4/#propdef-corner-block-end
corner-block-end-shape	<'corner-top-left-shape'>{1,2}	round scoop bevel notch square squircle	https://drafts.csswg.org/css-borders-4/#propdef-corner-block-end-shape
corner-block-start	<'border-top-radius'> || <'corner-top-shape'>	round scoop bevel notch square squircle	https://drafts.csswg.org/css-borders-4/#propdef-corner-block-start
corner-block-start-shape	<'corner-top-left-shape'>{1,2}	round scoop bevel notch square squircle	https://drafts.csswg.org/css-borders-4/#propdef-corner-block-start-shape
corner-bottom	<'border-top-radius'> || <'corner-top-shape'>	round scoop bevel notch square squircle	https://drafts.csswg.org/css-borders-4/#propdef-corner-bottom
corner-bottom-left	<'border-top-left-radius'> || <'corner-top-left-shape'>	round scoop bevel notch square squircle	https://drafts.csswg.org/css-borders-4/#propdef-corner-bottom-left
corner-bottom-left-shape	<corner-shape-value>	round scoop bevel notch square squircle	https://drafts.csswg.org/css-borders-4/#propdef-corner-bottom-left-shape
corner-bottom-right	<'border-top-left-radius'> || <'corner-top-left-shape'>	round scoop bevel notch square squircle	https://drafts.csswg.org/css-borders-4/#propdef-corner-bottom-right
corner-bottom-right-shape	<corner-shape-value>	round scoop bevel notch square squircle	https://drafts.csswg.org/css-borders-4/#propdef-corner-bottom-right-shape
corner-bottom-shape	<'corner-top-left-shape'>{1,2}	round scoop bevel notch square squircle	https://drafts.csswg.org/css-borders-4/#propdef-corner-bottom-shape
corner-end-end	<'border-top-left-radius'> || <'corner-top-left-shape'>	round scoop bevel notch square squircle	https://drafts.csswg.org/css-borders-4/#propdef-corner-end-end
corner-end-end-shape	<corner-shape-value>	round scoop bevel notch square squircle	https://drafts.csswg.org/css-borders-4/#propdef-corner-end-end-shape
corner-end-start	<'border-top-left-radius'> || <'corner-top-left-shape'>	round scoop bevel notch square squircle	https://drafts.csswg.org/css-borders-4/#propdef-corner-end-start
corner-end-start-shape	<corner-shape-value>	round scoop bevel notch square squircle	https://drafts.csswg.org/css-borders-4/#propdef-corner-end-start-shape
corner-inline-end	<'border-top-radius'> || <'corner-top-shape'>	round scoop bevel notch square squircle	https://drafts.csswg.org/css-borders-4/#propdef-corner-inline-end
corner-inline-end-shape	<'corner-top-left-shape'>{1,2}	round scoop bevel notch square squircle	https://drafts.csswg.org/css-borders-4/#propdef-corner-inline-end-shape
corner-inline-start	<'border-top-radius'> || <'corner-top-shape'>	round scoop bevel notch square squircle	https://drafts.csswg.org/css-borders-4/#propdef-corner-inline-start
corner-inline-start-shape	<'corner-top-left-shape'>{1,2}	round scoop bevel notch square squircle	https://drafts.csswg.org/css-borders-4/#propdef-corner-inline-start-shape
corner-left	<'border-top-radius'> || <'corner-top-shape'>	round scoop bevel notch square squircle	https://drafts.csswg.org/css-borders-4/#propdef-corner-left
corner-left-shape	<'corner-top-left-shape'>{1,2}	round scoop bevel notch square squircle	https://drafts.csswg.org/css-borders-4/#propdef-corner-left-shape
corner-right	<'border-top-radius'> || <'corner-top-shape'>	round scoop bevel notch square squircle	https://drafts.csswg.org/css-borders-4/#propdef-corner-right
corner-right-shape	<'corner-top-left-shape'>{1,2}	round scoop bevel notch square squircle	https://drafts.csswg.org/css-borders-4/#propdef-corner-right-shape
corner-shape	<'corner-top-left-shape'>{1,4}	round scoop bevel notch square squircle	https://drafts.csswg.org/css-borders-4/#propdef-corner-shape
corner-start-end	<'border-top-left-radius'> || <'corner-top-left-shape'>	round scoop bevel notch square squircle	https://drafts.csswg.org/css-borders-4/#propdef-corner-start-end
corner-start-end-shape	<corner-shape-value>	round scoop bevel notch square squircle	https://drafts.csswg.org/css-borders-4/#propdef-corner-start-end-shape
corner-start-start	<'border-top-left-radius'> || <'corner-top-left-shape'>	round scoop bevel notch square squircle	https://drafts.csswg.org/css-borders-4/#propdef-corner-start-start
corner-start-start-shape	<corner-shape-value>	round scoop bevel notch square squircle	https://drafts.csswg.org/css-borders-4/#propdef-corner-start-start-shape
corner-top	<'border-top-radius'> || <'corner-top-shape'>	round scoop bevel notch square squircle	https://drafts.csswg.org/css-borders-4/#propdef-corner-top
corner-top-left	<'border-top-left-radius'> || <'corner-top-left-shape'>	round scoop bevel notch square squircle	https://drafts.csswg.org/css-borders-4/#propdef-corner-top-left
corner-top-left-shape	<corner-shape-value>	round scoop bevel notch square squircle	https://drafts.csswg.org/css-borders-4/#propdef-corner-top-left-shape
corner-top-right	<'border-top-left-radius'> || <'corner-top-left-shape'>	round scoop bevel notch square squircle	https://drafts.csswg.org/css-borders-4/#propdef-corner-top-right
corner-top-right-shape	<corner-shape-value>	round scoop bevel notch square squircle	https://drafts.csswg.org/css-borders-4/#propdef-corner-top-right-shape
corner-top-shape	<'corner-top-left-shape'>{1,2}	round scoop bevel notch square squircle	https://drafts.csswg.org/css-borders-4/#propdef-corner-top-shape
counter-increment	[ <counter-name> <integer>? ]+ | none	none	https://drafts.csswg.org/css-lists-3/#propdef-counter-increment
counter-reset	[ <counter-name> <integer>? | <reversed-counter-name> <integer>? ]+ | none	none	https://drafts.csswg.org/css-lists-3/#propdef-counter-reset
counter-set	[ <counter-name> <integer>? ]+ | none	none	https://drafts.csswg.org/css-lists-3/#propdef-counter-set
cue	<'cue-before'> <'cue-after'>?	none	https://drafts.csswg.org/css-speech-1/#propdef-cue
cue-after	<url> <decibel>? | none	none	https://drafts.csswg.org/css-speech-1/#propdef-cue-after
cue-before	<url> <decibel>? | none	none	https://drafts.csswg.org/css-speech-1/#propdef-cue-before
cursor	[<cursor-image>,]* <cursor-predefined>	auto default none context-menu help pointer progress wait cell crosshair text vertical-text alias copy move no-drop not-allowed grab grabbing e-resize n-resize ne-resize nw-resize s-resize se-resize sw-resize w-resize ew-resize ns-resize nesw-resize nwse-resize col-resize row-resize all-scroll zoom-in zoom-out	https://drafts.csswg.org/css-ui-4/#propdef-cursor
cx	<length-percentage>		https://w3c.github.io/svgwg/svg2-draft/geometry.html#CxProperty
cy	<length-percentage>		https://w3c.github.io/svgwg/svg2-draft/geometry.html#CyProperty
d	none | <string>	none	https://w3c.github.io/svgwg/svg2-draft/paths.html#DProperty
direction	ltr | rtl	ltr rtl	https://drafts.csswg.org/css-writing-modes-4/#propdef-direction
display	[ <display-outside> || <display-inside> ] | <display-listitem> | <display-internal> | <display-box> | <display-legacy> | grid-lanes | inline-grid-lanes | <display-outside> || [ <display-inside> | math ]	block inline run-in flow flow-root table flex grid ruby list-item table-row-group table-header-group table-footer-group table-row table-cell table-column-group table-column table-caption ruby-base ruby-text ruby-base-container ruby-text-container contents none inline-block inline-table inline-flex inline-grid grid-lanes inline-grid-lanes math	https://drafts.csswg.org/css-display-4/#propdef-display
dominant-baseline	auto | <baseline-metric>	auto text-bottom alphabetic ideographic middle central mathematical hanging text-top	https://drafts.csswg.org/css-inline-3/#propdef-dominant-baseline
dynamic-range-limit	standard | no-limit | constrained | <dynamic-range-limit-mix()>	standard no-limit constrained	https://drafts.csswg.org/css-color-hdr-1/#propdef-dynamic-range-limit
empty-cells	show | hide	show hide	https://drafts.csswg.org/css-tables-3/#propdef-empty-cells
event-trigger	none | [ <'event-trigger-name'> <'event-trigger-source'> ]#	none activate interest click touch dblclick	https://drafts.csswg.org/animation-triggers-1/#propdef-event-trigger
event-trigger-name	none | <dashed-ident>#	none	https://drafts.csswg.org/animation-triggers-1/#propdef-event-trigger-name
event-trigger-source	[ none | <event-trigger-event>+ [ / <event-trigger-event>+ ]? ]#	none activate interest click touch dblclick	https://drafts.csswg.org/animation-triggers-1/#propdef-event-trigger-source
field-sizing	fixed | content	fixed content	https://drafts.csswg.org/css-forms-1/#propdef-field-sizing
fill	<paint>	none child	https://w3c.github.io/svgwg/svg2-draft/painting.html#FillProperty
fill-break	bounding-box | slice | clone	bounding-box slice clone	https://drafts.csswg.org/fill-stroke-3/#propdef-fill-break
fill-color	<color>	aliceblue antiquewhite aqua aquamarine azure beige bisque black blanchedalmond blue blueviolet brown burlywood cadetblue chartreuse chocolate coral cornflowerblue cornsilk crimson cyan darkblue darkcyan darkgoldenrod darkgray darkgreen darkgrey darkkhaki darkmagenta darkolivegreen darkorange darkorchid darkred darksalmon darkseagreen darkslateblue darkslategray darkslategrey darkturquoise darkviolet deeppink deepskyblue dimgray dimgrey dodgerblue firebrick floralwhite forestgreen fuchsia gainsboro ghostwhite gold goldenrod gray green greenyellow grey honeydew hotpink indianred indigo ivory khaki lavender lavenderblush lawngreen lemonchiffon lightblue lightcoral lightcyan lightgoldenrodyellow lightgray lightgreen lightgrey lightpink lightsalmon lightseagreen lightskyblue lightslategray lightslategrey lightsteelblue lightyellow lime limegreen linen magenta maroon mediumaquamarine mediumblue mediumorchid mediumpurple mediumseagreen mediumslateblue mediumspringgreen mediumturquoise mediumvioletred midnightblue mintcream mistyrose moccasin navajowhite navy oldlace olive olivedrab orange orangered orchid palegoldenrod palegreen paleturquoise palevioletred papayawhip peachpuff peru pink plum powderblue purple rebeccapurple red rosybrown royalblue saddlebrown salmon sandybrown seagreen seashell sienna silver skyblue slateblue slategray slategrey snow springgreen steelblue tan teal thistle tomato turquoise violet wheat white whitesmoke yellow yellowgreen transparent currentColor AccentColor AccentColorText ActiveText ButtonBorder ButtonFace ButtonText Canvas CanvasText Field FieldText GrayText Highlight HighlightText LinkText Mark MarkText SelectedItem SelectedItemText VisitedText ActiveBorder ActiveCaption AppWorkspace Background ButtonHighlight ButtonShadow CaptionText InactiveBorder InactiveCaption InactiveCaptionText InfoBackground InfoText Menu MenuText Scrollbar ThreeDDarkShadow ThreeDFace ThreeDHighlight ThreeDLightShadow ThreeDShadow Window WindowFrame WindowText	https://drafts.csswg.org/fill-stroke-3/#propdef-fill-color
fill-image	<paint>#	none child	https://drafts.csswg.org/fill-stroke-3/#propdef-fill-image
fill-opacity	<'opacity'>		https://drafts.csswg.org/fill-stroke-3/#propdef-fill-opacity
fill-origin	match-parent | fill-box | stroke-box | content-box | padding-box | border-box	match-parent fill-box stroke-box content-box padding-box border-box	https://drafts.csswg.org/fill-stroke-3/#propdef-fill-origin
fill-position	<position>#	left center right top bottom x-start x-end y-start y-end block-start block-end inline-start inline-end start end	https://drafts.csswg.org/fill-stroke-3/#propdef-fill-position
fill-repeat	<repeat-style>#	repeat-x repeat-y repeat-block repeat-inline repeat space round no-repeat	https://drafts.csswg.org/fill-stroke-3/#propdef-fill-repeat
fill-rule	nonzero | evenodd	nonzero evenodd	https://drafts.csswg.org/fill-stroke-3/#propdef-fill-rule
fill-size	<bg-size>#	auto cover contain	https://drafts.csswg.org/fill-stroke-3/#propdef-fill-size
filter	none | <filter-value-list>	none	https://drafts.csswg.org/filter-effects-1/#propdef-filter
flex	none | [ <'flex-grow'> <'flex-shrink'>? || <'flex-basis'> ]	auto stretch contain min-content max-content fit-content width height block inline self-block self-inline content none	https://drafts.csswg.org/css-flexbox-2/#propdef-flex
flex-basis	content | <'width'>	auto stretch contain min-content max-content fit-content width height block inline self-block self-inline content	https://drafts.csswg.org/css-flexbox-2/#propdef-flex-basis
flex-direction	row | row-reverse | column | column-reverse	row row-reverse column column-reverse	https://drafts.csswg.org/css-flexbox-2/#propdef-flex-direction
flex-flow	<'flex-direction'> || <'flex-wrap'>	row row-reverse column column-reverse nowrap wrap wrap-reverse balance	https://drafts.csswg.org/css-flexbox-2/#propdef-flex-flow
flex-grow	<number [0,∞]>		https://drafts.csswg.org/css-flexbox-2/#propdef-flex-grow
flex-line-count	<integer [1,∞]>		https://drafts.csswg.org/css-flexbox-2/#propdef-flex-line-count
flex-shrink	<number [0,∞]>		https://drafts.csswg.org/css-flexbox-2/#propdef-flex-shrink
flex-wrap	nowrap | [ wrap | wrap-reverse ] || balance	nowrap wrap wrap-reverse balance	https://drafts.csswg.org/css-flexbox-2/#propdef-flex-wrap
float	block-start | block-end | inline-start | inline-end | snap-block | <snap-block()> | snap-inline | <snap-inline()> | left | right | top | bottom | none | footnote	block-start block-end inline-start inline-end snap-block snap-inline left right top bottom none footnote	https://drafts.csswg.org/css-page-floats-3/#propdef-float
float-defer	<integer> | last | none	last none	https://drafts.csswg.org/css-page-floats-3/#propdef-float-defer
float-offset	<length-percentage>		https://drafts.csswg.org/css-page-floats-3/#propdef-float-offset
float-reference	inline | column | region | page	inline column region page	https://drafts.csswg.org/css-page-floats-3/#propdef-float-reference
flood-color	<color>	aliceblue antiquewhite aqua aquamarine azure beige bisque black blanchedalmond blue blueviolet brown burlywood cadetblue chartreuse chocolate coral cornflowerblue cornsilk crimson cyan darkblue darkcyan darkgoldenrod darkgray darkgreen darkgrey darkkhaki darkmagenta darkolivegreen darkorange darkorchid darkred darksalmon darkseagreen darkslateblue darkslategray darkslategrey darkturquoise darkviolet deeppink deepskyblue dimgray dimgrey dodgerblue firebrick floralwhite forestgreen fuchsia gainsboro ghostwhite gold goldenrod gray green greenyellow grey honeydew hotpink indianred indigo ivory khaki lavender lavenderblush lawngreen lemonchiffon lightblue lightcoral lightcyan lightgoldenrodyellow lightgray lightgreen lightgrey lightpink lightsalmon lightseagreen lightskyblue lightslategray lightslategrey lightsteelblue lightyellow lime limegreen linen magenta maroon mediumaquamarine mediumblue mediumorchid mediumpurple mediumseagreen mediumslateblue mediumspringgreen mediumturquoise mediumvioletred midnightblue mintcream mistyrose moccasin navajowhite navy oldlace olive olivedrab orange orangered orchid palegoldenrod palegreen paleturquoise palevioletred papayawhip peachpuff peru pink plum powderblue purple rebeccapurple red rosybrown royalblue saddlebrown salmon sandybrown seagreen seashell sienna silver skyblue slateblue slategray slategrey snow springgreen steelblue tan teal thistle tomato turquoise violet wheat white whitesmoke yellow yellowgreen transparent currentColor AccentColor AccentColorText ActiveText ButtonBorder ButtonFace ButtonText Canvas CanvasText Field FieldText GrayText Highlight HighlightText LinkText Mark MarkText SelectedItem SelectedItemText VisitedText ActiveBorder ActiveCaption AppWorkspace Background ButtonHighlight ButtonShadow CaptionText InactiveBorder InactiveCaption InactiveCaptionText InfoBackground InfoText Menu MenuText Scrollbar ThreeDDarkShadow ThreeDFace ThreeDHighlight ThreeDLightShadow ThreeDShadow Window WindowFrame WindowText	https://drafts.csswg.org/filter-effects-1/#propdef-flood-color
flood-opacity	<'opacity'>		https://drafts.csswg.org/filter-effects-1/#propdef-flood-opacity
flow-from	<custom-ident> | none	none	https://drafts.csswg.org/css-regions-1/#propdef-flow-from
flow-into	none | <custom-ident> [element | content]?	none element content	https://drafts.csswg.org/css-regions-1/#propdef-flow-into
flow-tolerance	normal | <length-percentage [0,∞]> | infinite	normal infinite	https://drafts.csswg.org/css-grid-3/#propdef-flow-tolerance
font	[ [ <'font-style'> || <font-variant-css2> || <'font-weight'> || <font-width-css3> ]? <'font-size'> [ / <'line-height'> ]? <'font-family'># ] | <system-font-family-name>	normal italic left right oblique bold bolder lighter xx-small x-small small medium large x-large xx-large xxx-large larger smaller math fangsong kai khmer-mul nastaliq serif sans-serif system-ui cursive fantasy monospace ui-serif ui-sans-serif ui-monospace ui-rounded font-variant-css2 font-width-css3 caption icon menu message-box small-caption status-bar	https://drafts.csswg.org/css-fonts-4/#propdef-font
font-family	[ <font-family-name> | <generic-font-family> ]#	fangsong kai khmer-mul nastaliq serif sans-serif system-ui cursive fantasy math monospace ui-serif ui-sans-serif ui-monospace ui-rounded	https://drafts.csswg.org/css-fonts-4/#propdef-font-family
font-feature-settings	normal | <feature-tag-value>#	normal on off	https://drafts.csswg.org/css-fonts-4/#propdef-font-feature-settings
font-kerning	auto | normal | none	auto normal none	https://drafts.csswg.org/css-fonts-4/#propdef-font-kerning
font-language-override	normal | <string>	normal	https://drafts.csswg.org/css-fonts-4/#propdef-font-language-override
font-optical-sizing	auto | none	auto none	https://drafts.csswg.org/css-fonts-4/#propdef-font-optical-sizing
font-palette	normal | light | dark | <palette-identifier> | <palette-mix()>	normal light dark	https://drafts.csswg.org/css-fonts-4/#propdef-font-palette
font-size	<absolute-size> | <relative-size> | <length-percentage [0,∞]> | math	xx-small x-small small medium large x-large xx-large xxx-large larger smaller math	https://drafts.csswg.org/css-fonts-4/#propdef-font-size
font-size-adjust	none | [ ex-height | cap-height | ch-width | ic-width | ic-height ]? [ from-font | <number [0,∞]> ]	none ex-height cap-height ch-width ic-width ic-height from-font	https://drafts.csswg.org/css-fonts-5/#propdef-font-size-adjust
font-stretch	normal | <percentage [0,∞]> | ultra-condensed | extra-condensed | condensed | semi-condensed | semi-expanded | expanded | extra-expanded | ultra-expanded	normal ultra-condensed extra-condensed condensed semi-condensed semi-expanded expanded extra-expanded ultra-expanded	https://drafts.csswg.org/css-fonts-4/#propdef-font-stretch
font-style	normal | italic | left | right | oblique <angle [-90deg,90deg]>?	normal italic left right oblique	https://drafts.csswg.org/css-fonts-4/#propdef-font-style
font-synthesis	none | [ weight || style || small-caps || position]	none weight style small-caps position	https://drafts.csswg.org/css-fonts-4/#propdef-font-synthesis
font-synthesis-position	auto | none	auto none	https://drafts.csswg.org/css-fonts-4/#propdef-font-synthesis-position
font-synthesis-small-caps	auto | none	auto none	https://drafts.csswg.org/css-fonts-4/#propdef-font-synthesis-small-caps
font-synthesis-style	auto | none | oblique-only	auto none oblique-only	https://drafts.csswg.org/css-fonts-4/#propdef-font-synthesis-style
font-synthesis-weight	auto | none	auto none	https://drafts.csswg.org/css-fonts-4/#propdef-font-synthesis-weight
font-variant	normal | none | [ [ <common-lig-values> || <discretionary-lig-values> || <historical-lig-values> || <contextual-alt-values> ] || [ small-caps | all-small-caps | petite-caps | all-petite-caps | unicase | titling-caps ] || [ stylistic(<font-feature-value-name>) || historical-forms || styleset(<font-feature-value-name>#) || character-variant(<font-feature-value-name>#) || swash(<font-feature-value-name>) || ornaments(<font-feature-value-name>) || annotation(<font-feature-value-name>) ] || [ <numeric-figure-values> || <numeric-spacing-values> || <numeric-fraction-values> || ordinal || slashed-zero ] || [ <east-asian-variant-values> || <east-asian-width-values> || ruby ] || [ sub | super ] || [ text | emoji | unicode ] ]	normal none common-ligatures no-common-ligatures discretionary-ligatures no-discretionary-ligatures historical-ligatures no-historical-ligatures contextual no-contextual small-caps all-small-caps petite-caps all-petite-caps unicase titling-caps historical-forms lining-nums oldstyle-nums proportional-nums tabular-nums diagonal-fractions stacked-fractions ordinal slashed-zero jis78 jis83 jis90 jis04 simplified traditional full-width proportional-width ruby sub super text emoji unicode	https://drafts.csswg.org/css-fonts-4/#propdef-font-variant
font-variant-alternates	normal | [ stylistic(<font-feature-value-name>) || historical-forms || styleset(<font-feature-value-name>#) || character-variant(<font-feature-value-name>#) || swash(<font-feature-value-name>) || ornaments(<font-feature-value-name>) || annotation(<font-feature-value-name>) ]	normal historical-forms	https://drafts.csswg.org/css-fonts-4/#propdef-font-variant-alternates
font-variant-caps	normal | small-caps | all-small-caps | petite-caps | all-petite-caps | unicase | titling-caps	normal small-caps all-small-caps petite-caps all-petite-caps unicase titling-caps	https://drafts.csswg.org/css-fonts-4/#propdef-font-variant-caps
font-variant-east-asian	normal | [ <east-asian-variant-values> || <east-asian-width-values> || ruby ]	normal jis78 jis83 jis90 jis04 simplified traditional full-width proportional-width ruby	https://drafts.csswg.org/css-fonts-4/#propdef-font-variant-east-asian
font-variant-emoji	normal | text | emoji | unicode	normal text emoji unicode	https://drafts.csswg.org/css-fonts-4/#propdef-font-variant-emoji
font-variant-ligatures	normal | none | [ <common-lig-values> || <discretionary-lig-values> || <historical-lig-values> || <contextual-alt-values> ]	normal none common-ligatures no-common-ligatures discretionary-ligatures no-discretionary-ligatures historical-ligatures no-historical-ligatures contextual no-contextual	https://drafts.csswg.org/css-fonts-4/#propdef-font-variant-ligatures
font-variant-numeric	normal | [ <numeric-figure-values> || <numeric-spacing-values> || <numeric-fraction-values> || ordinal || slashed-zero ]	normal lining-nums oldstyle-nums proportional-nums tabular-nums diagonal-fractions stacked-fractions ordinal slashed-zero	https://drafts.csswg.org/css-fonts-4/#propdef-font-variant-numeric
font-variant-position	normal | sub | super	normal sub super	https://drafts.csswg.org/css-fonts-4/#propdef-font-variant-position
font-variation-settings	normal | [ <opentype-tag> <number> ]#	normal	https://drafts.csswg.org/css-fonts-4/#propdef-font-variation-settings
font-weight	<font-weight-absolute> | bolder | lighter	normal bold bolder lighter	https://drafts.csswg.org/css-fonts-4/#propdef-font-weight
font-width	normal | <percentage [0,∞]> | ultra-condensed | extra-condensed | condensed | semi-condensed | semi-expanded | expanded | extra-expanded | ultra-expanded	normal ultra-condensed extra-condensed condensed semi-condensed semi-expanded expanded extra-expanded ultra-expanded	https://drafts.csswg.org/css-fonts-4/#propdef-font-width
footnote-display	block | inline | compact	block inline compact	https://drafts.csswg.org/css-gcpm-3/#propdef-footnote-display
footnote-policy	auto | line | block	auto line block	https://drafts.csswg.org/css-gcpm-3/#propdef-footnote-policy
forced-color-adjust	auto | none | preserve-parent-color	auto none preserve-parent-color	https://drafts.csswg.org/css-color-adjust-1/#propdef-forced-color-adjust
frame-sizing	auto | content-width | content-height | content-block-size | content-inline-size	auto content-width content-height content-block-size content-inline-size	https://drafts.csswg.org/css-sizing-4/#propdef-frame-sizing
gap	<'row-gap'> <'column-gap'>?	normal hairline thin medium thick	https://drafts.csswg.org/css-gaps-1/#propdef-gap
glyph-orientation-vertical	auto | 0deg | 90deg | 0 | 90	auto deg	https://drafts.csswg.org/css-writing-modes-4/#propdef-glyph-orientation-vertical
grid	<'grid-template'> | <'grid-template-rows'> / [ auto-flow && dense? ] <'grid-auto-columns'>? | [ auto-flow && dense? ] <'grid-auto-rows'>? / <'grid-template-columns'>	none min-content max-content auto auto-fill auto-fit subgrid auto-flow dense	https://drafts.csswg.org/css-grid-2/#propdef-grid
grid-area	<grid-line> [ / <grid-line> ]{0,3}	auto span	https://drafts.csswg.org/css-grid-2/#propdef-grid-area
grid-auto-columns	<track-size>+	min-content max-content auto	https://drafts.csswg.org/css-grid-2/#propdef-grid-auto-columns
grid-auto-flow	[ row | column ] || dense	row column dense	https://drafts.csswg.org/css-grid-2/#propdef-grid-auto-flow
grid-auto-rows	<track-size>+	min-content max-content auto	https://drafts.csswg.org/css-grid-2/#propdef-grid-auto-rows
grid-column	<grid-line> [ / <grid-line> ]?	auto span	https://drafts.csswg.org/css-grid-2/#propdef-grid-column
grid-column-end	<grid-line>	auto span	https://drafts.csswg.org/css-grid-2/#propdef-grid-column-end
grid-column-gap	normal | <length-percentage [0,∞]> | <line-width>	normal hairline thin medium thick	https://drafts.csswg.org/css-gaps-1/#propdef-grid-column-gap
grid-column-start	<grid-line>	auto span	https://drafts.csswg.org/css-grid-2/#propdef-grid-column-start
grid-gap	<'row-gap'> <'column-gap'>?	normal hairline thin medium thick	https://drafts.csswg.org/css-gaps-1/#propdef-grid-gap
grid-row	<grid-line> [ / <grid-line> ]?	auto span	https://drafts.csswg.org/css-grid-2/#propdef-grid-row
grid-row-end	<grid-line>	auto span	https://drafts.csswg.org/css-grid-2/#propdef-grid-row-end
grid-row-gap	normal | <length-percentage [0,∞]> | <line-width>	normal hairline thin medium thick	https://drafts.csswg.org/css-gaps-1/#propdef-grid-row-gap
grid-row-start	<grid-line>	auto span	https://drafts.csswg.org/css-grid-2/#propdef-grid-row-start
grid-template	none | [ <'grid-template-rows'> / <'grid-template-columns'> ] | [ <line-names>? <string> <track-size>? <line-names>? ]+ [ / <explicit-track-list> ]?	none min-content max-content auto auto-fill auto-fit subgrid	https://drafts.csswg.org/css-grid-2/#propdef-grid-template
grid-template-areas	none | <string>+	none	https://drafts.csswg.org/css-grid-2/#propdef-grid-template-areas
grid-template-columns	none | <track-list> | <auto-track-list> | subgrid <line-name-list>?	none min-content max-content auto auto-fill auto-fit subgrid	https://drafts.csswg.org/css-grid-2/#propdef-grid-template-columns
grid-template-rows	none | <track-list> | <auto-track-list> | subgrid <line-name-list>?	none min-content max-content auto auto-fill auto-fit subgrid	https://drafts.csswg.org/css-grid-2/#propdef-grid-template-rows
hanging-punctuation	none | [ first || [ force-end | allow-end ] || last ]	none first force-end allow-end last	https://drafts.csswg.org/css-text-4/#propdef-hanging-punctuation
height	auto | <box-size> | <anchor-size()>	auto stretch contain min-content max-content fit-content width height block inline self-block self-inline	https://drafts.csswg.org/css-sizing-3/#propdef-height
hyphenate-character	auto | <string>	auto	https://drafts.csswg.org/css-text-4/#propdef-hyphenate-character
hyphenate-limit-chars	[ auto | <integer [0,∞]> ]{1,3}	auto	https://drafts.csswg.org/css-text-4/#propdef-hyphenate-limit-chars
hyphenate-limit-last	none | always | column | page | spread	none always column page spread	https://drafts.csswg.org/css-text-4/#propdef-hyphenate-limit-last
hyphenate-limit-lines	no-limit | <integer [0,∞]>	no-limit	https://drafts.csswg.org/css-text-4/#propdef-hyphenate-limit-lines
hyphenate-limit-zone	<length-percentage>		https://drafts.csswg.org/css-text-4/#propdef-hyphenate-limit-zone
hyphens	none | manual | auto	none manual auto	https://drafts.csswg.org/css-text-4/#propdef-hyphens
image-animation	normal | paused | stopped | running	normal paused stopped running	https://drafts.csswg.org/css-image-animation-1/#propdef-image-animation
image-orientation	from-image | none | [ <angle> || flip ]	from-image none flip	https://drafts.csswg.org/css-images-3/#propdef-image-orientation
image-rendering	auto | smooth | high-quality | pixelated | crisp-edges	auto smooth high-quality pixelated crisp-edges	https://drafts.csswg.org/css-images-3/#propdef-image-rendering
image-resolution	[ from-image || <resolution> ] && snap?	from-image snap	https://drafts.csswg.org/css-images-4/#propdef-image-resolution
initial-letter	normal | <number [1,∞]> <integer [1,∞]> | <number [1,∞]> && [ drop | raise ]?	normal drop raise	https://drafts.csswg.org/css-inline-3/#propdef-initial-letter
initial-letter-align	[ border-box? [ alphabetic | ideographic | hanging | leading ]? ]!	border-box alphabetic ideographic hanging leading	https://drafts.csswg.org/css-inline-3/#propdef-initial-letter-align
initial-letter-wrap	none | first | all | grid | <length-percentage>	none first all grid	https://drafts.csswg.org/css-inline-3/#propdef-initial-letter-wrap
inline-size	auto | <box-size> | <anchor-size()>	auto stretch contain min-content max-content fit-content width height block inline self-block self-inline	https://drafts.csswg.org/css-sizing-3/#propdef-inline-size
inline-sizing	normal | stretch	normal stretch	https://drafts.csswg.org/css-inline-3/#propdef-inline-sizing
input-security	auto | none	auto none	https://drafts.csswg.org/css-forms-1/#propdef-input-security
inset	<'top'>{1,4}	auto width height block inline self-block self-inline	https://drafts.csswg.org/css-position-3/#propdef-inset
inset-block	<'top'>{1,2}	auto width height block inline self-block self-inline	https://drafts.csswg.org/css-position-3/#propdef-inset-block
inset-block-end	auto | <length-percentage>	auto	https://drafts.csswg.org/css-position-3/#propdef-inset-block-end
inset-block-start	auto | <length-percentage>	auto	https://drafts.csswg.org/css-position-3/#propdef-inset-block-start
inset-inline	<'top'>{1,2}	auto width height block inline self-block self-inline	https://drafts.csswg.org/css-position-3/#propdef-inset-inline
inset-inline-end	auto | <length-percentage>	auto	https://drafts.csswg.org/css-position-3/#propdef-inset-inline-end
inset-inline-start	auto | <length-percentage>	auto	https://drafts.csswg.org/css-position-3/#propdef-inset-inline-start
interactivity	auto | inert	auto inert	https://drafts.csswg.org/css-ui-4/#propdef-interactivity
interest-delay	<'interest-delay-start'>{1,2}	normal	https://drafts.csswg.org/css-ui-4/#propdef-interest-delay
interest-delay-end	normal | <time>	normal	https://drafts.csswg.org/css-ui-4/#propdef-interest-delay-end
interest-delay-start	normal | <time>	normal	https://drafts.csswg.org/css-ui-4/#propdef-interest-delay-start
interpolate-size	numeric-only | allow-keywords	numeric-only allow-keywords	https://drafts.csswg.org/css-values-5/#propdef-interpolate-size
isolation	<isolation-mode>	auto isolate	https://drafts.csswg.org/compositing-2/#propdef-isolation
justify-content	normal | <content-distribution> | <overflow-position>? [ <content-position> | left | right ]	normal space-between space-around space-evenly stretch unsafe safe center start end flex-start flex-end left right	https://drafts.csswg.org/css-align-3/#propdef-justify-content
justify-items	normal | stretch | <baseline-position> | <overflow-position>? [ <self-position> | left | right ] | legacy | legacy && [ left | right | center ]	normal stretch first last baseline unsafe safe center start end self-start self-end flex-start flex-end left right legacy	https://drafts.csswg.org/css-align-3/#propdef-justify-items
justify-self	auto | <overflow-position>? [ normal | <self-position> | left | right ] | stretch | <baseline-position> | anchor-center	auto unsafe safe normal center start end self-start self-end flex-start flex-end left right stretch first last baseline anchor-center	https://drafts.csswg.org/css-align-3/#propdef-justify-self
left	auto | <length-percentage> | <anchor()> | <anchor-size()>	auto width height block inline self-block self-inline	https://drafts.csswg.org/css-position-3/#propdef-left
letter-spacing	normal | <length-percentage>	normal	https://drafts.csswg.org/css-text-4/#propdef-letter-spacing
lighting-color	<color>	aliceblue antiquewhite aqua aquamarine azure beige bisque black blanchedalmond blue blueviolet brown burlywood cadetblue chartreuse chocolate coral cornflowerblue cornsilk crimson cyan darkblue darkcyan darkgoldenrod darkgray darkgreen darkgrey darkkhaki darkmagenta darkolivegreen darkorange darkorchid darkred darksalmon darkseagreen darkslateblue darkslategray darkslategrey darkturquoise darkviolet deeppink deepskyblue dimgray dimgrey dodgerblue firebrick floralwhite forestgreen fuchsia gainsboro ghostwhite gold goldenrod gray green greenyellow grey honeydew hotpink indianred indigo ivory khaki lavender lavenderblush lawngreen lemonchiffon lightblue lightcoral lightcyan lightgoldenrodyellow lightgray lightgreen lightgrey lightpink lightsalmon lightseagreen lightskyblue lightslategray lightslategrey lightsteelblue lightyellow lime limegreen linen magenta maroon mediumaquamarine mediumblue mediumorchid mediumpurple mediumseagreen mediumslateblue mediumspringgreen mediumturquoise mediumvioletred midnightblue mintcream mistyrose moccasin navajowhite navy oldlace olive olivedrab orange orangered orchid palegoldenrod palegreen paleturquoise palevioletred papayawhip peachpuff peru pink plum powderblue purple rebeccapurple red rosybrown royalblue saddlebrown salmon sandybrown seagreen seashell sienna silver skyblue slateblue slategray slategrey snow springgreen steelblue tan teal thistle tomato turquoise violet wheat white whitesmoke yellow yellowgreen transparent currentColor AccentColor AccentColorText ActiveText ButtonBorder ButtonFace ButtonText Canvas CanvasText Field FieldText GrayText Highlight HighlightText LinkText Mark MarkText SelectedItem SelectedItemText VisitedText ActiveBorder ActiveCaption AppWorkspace Background ButtonHighlight ButtonShadow CaptionText InactiveBorder InactiveCaption InactiveCaptionText InfoBackground InfoText Menu MenuText Scrollbar ThreeDDarkShadow ThreeDFace ThreeDHighlight ThreeDLightShadow ThreeDShadow Window WindowFrame WindowText	https://drafts.csswg.org/filter-effects-1/#propdef-lighting-color
line-break	auto | loose | normal | strict | anywhere	auto loose normal strict anywhere	https://drafts.csswg.org/css-text-4/#propdef-line-break
line-clamp	none | [<integer [1,∞]> || <'block-ellipsis'>] -webkit-legacy?	no-ellipsis auto none webkit-legacy	https://drafts.csswg.org/css-overflow-4/#propdef-line-clamp
line-fit-edge	leading | <text-edge>	leading text ideographic ideographic-ink cap ex alphabetic	https://drafts.csswg.org/css-inline-3/#propdef-line-fit-edge
line-grid	match-parent | create	match-parent create	https://drafts.csswg.org/css-line-grid-1/#propdef-line-grid
line-height	normal | <number [0,∞]> | <length-percentage [0,∞]>	normal	https://drafts.csswg.org/css-inline-3/#propdef-line-height
line-height-step	<length [0,∞]>		https://drafts.csswg.org/css-rhythm-1/#propdef-line-height-step
line-padding	<length>		https://drafts.csswg.org/css-text-4/#propdef-line-padding
line-snap	none | baseline | contain	none baseline contain	https://drafts.csswg.org/css-line-grid-1/#propdef-line-snap
link-parameters	none | <param()>#	none	https://drafts.csswg.org/css-link-params-1/#propdef-link-parameters
list-style	<'list-style-position'> || <'list-style-image'> || <'list-style-type'>	inside outside none	https://drafts.csswg.org/css-lists-3/#propdef-list-style
list-style-image	<image> | none	none	https://drafts.csswg.org/css-lists-3/#propdef-list-style-image
list-style-position	inside | outside	inside outside	https://drafts.csswg.org/css-lists-3/#propdef-list-style-position
list-style-type	<counter-style> | <string> | none	none	https://drafts.csswg.org/css-lists-3/#propdef-list-style-type
margin	<'margin-top'>{1,4}	auto width height block inline self-block self-inline	https://drafts.csswg.org/css-box-4/#propdef-margin
margin-block	<'margin-top'>{1,2}	auto width height block inline self-block self-inline	https://drafts.csswg.org/css-logical-1/#propdef-margin-block
margin-block-end	<'margin-top'>	auto width height block inline self-block self-inline	https://drafts.csswg.org/css-logical-1/#propdef-margin-block-end
margin-block-start	<'margin-top'>	auto width height block inline self-block self-inline	https://drafts.csswg.org/css-logical-1/#propdef-margin-block-start
margin-bottom	<length-percentage> | auto | <anchor-size()>	auto width height block inline self-block self-inline	https://drafts.csswg.org/css-box-4/#propdef-margin-bottom
margin-break	auto | keep | discard	auto keep discard	https://drafts.csswg.org/css-break-4/#propdef-margin-break
margin-inline	<'margin-top'>{1,2}	auto width height block inline self-block self-inline	https://drafts.csswg.org/css-logical-1/#propdef-margin-inline
margin-inline-end	<'margin-top'>	auto width height block inline self-block self-inline	https://drafts.csswg.org/css-logical-1/#propdef-margin-inline-end
margin-inline-start	<'margin-top'>	auto width height block inline self-block self-inline	https://drafts.csswg.org/css-logical-1/#propdef-margin-inline-start
margin-left	<length-percentage> | auto | <anchor-size()>	auto width height block inline self-block self-inline	https://drafts.csswg.org/css-box-4/#propdef-margin-left
margin-right	<length-percentage> | auto | <anchor-size()>	auto width height block inline self-block self-inline	https://drafts.csswg.org/css-box-4/#propdef-margin-right
margin-top	<length-percentage> | auto | <anchor-size()>	auto width height block inline self-block self-inline	https://drafts.csswg.org/css-box-4/#propdef-margin-top
margin-trim	none | block | [ block-start || block-end ]	none block block-start block-end	https://drafts.csswg.org/css-box-4/#propdef-margin-trim
marker	none | <marker-ref>	none	https://w3c.github.io/svgwg/svg2-draft/painting.html#MarkerProperty
marker-end	none | <marker-ref>	none	https://w3c.github.io/svgwg/svg2-draft/painting.html#MarkerEndProperty
marker-mid	none | <marker-ref>	none	https://w3c.github.io/svgwg/svg2-draft/painting.html#MarkerMidProperty
marker-side	match-self | match-parent	match-self match-parent	https://drafts.csswg.org/css-lists-3/#propdef-marker-side
marker-start	none | <marker-ref>	none	https://w3c.github.io/svgwg/svg2-draft/painting.html#MarkerStartProperty
mask	<mask-layer>#	none left center right top bottom x-start x-end y-start y-end block-start block-end inline-start inline-end start end auto cover contain repeat-x repeat-y repeat-block repeat-inline repeat space round no-repeat content-box padding-box border-box margin-box half-border-box fill-box stroke-box view-box no-clip add subtract intersect exclude alpha luminance match-source	https://drafts.csswg.org/css-masking-1/#propdef-mask
mask-border	<'mask-border-source'> || <'mask-border-slice'> [ / <'mask-border-width'>? [ / <'mask-border-outset'> ]? ]? || <'mask-border-repeat'> || <'mask-border-mode'>	none fill auto stretch repeat round space luminance alpha	https://drafts.csswg.org/css-masking-1/#propdef-mask-border
mask-border-mode	luminance | alpha	luminance alpha	https://drafts.csswg.org/css-masking-1/#propdef-mask-border-mode
mask-border-outset	<'border-image-outset'>		https://drafts.csswg.org/css-masking-1/#propdef-mask-border-outset
mask-border-repeat	<'border-image-repeat'>	stretch repeat round space	https://drafts.csswg.org/css-masking-1/#propdef-mask-border-repeat
mask-border-slice	<'border-image-slice'>	fill	https://drafts.csswg.org/css-masking-1/#propdef-mask-border-slice
mask-border-source	<'border-image-source'>	none	https://drafts.csswg.org/css-masking-1/#propdef-mask-border-source
mask-border-width	<'border-image-width'>	auto	https://drafts.csswg.org/css-masking-1/#propdef-mask-border-width
mask-clip	[ <coord-box> | no-clip ]#	content-box padding-box border-box fill-box stroke-box view-box no-clip	https://drafts.csswg.org/css-masking-1/#propdef-mask-clip
mask-composite	<compositing-operator>#	add subtract intersect exclude	https://drafts.csswg.org/css-masking-1/#propdef-mask-composite
mask-image	<mask-reference>#	none	https://drafts.csswg.org/css-masking-1/#propdef-mask-image
mask-mode	<masking-mode>#	alpha luminance match-source	https://drafts.csswg.org/css-masking-1/#propdef-mask-mode
mask-origin	<coord-box>#	content-box padding-box border-box fill-box stroke-box view-box	https://drafts.csswg.org/css-masking-1/#propdef-mask-origin
mask-position	<position>#	left center right top bottom x-start x-end y-start y-end block-start block-end inline-start inline-end start end	https://drafts.csswg.org/css-masking-1/#propdef-mask-position
mask-repeat	<repeat-style>#	repeat-x repeat-y repeat-block repeat-inline repeat space round no-repeat	https://drafts.csswg.org/css-masking-1/#propdef-mask-repeat
mask-size	<bg-size>#	auto cover contain	https://drafts.csswg.org/css-masking-1/#propdef-mask-size
mask-type	luminance | alpha	luminance alpha	https://drafts.csswg.org/css-masking-1/#propdef-mask-type
math-depth	auto-add | add(<integer>) | <integer>	auto-add	https://w3c.github.io/mathml-core/#propdef-math-depth
math-shift	normal | compact	normal compact	https://w3c.github.io/mathml-core/#propdef-math-shift
math-style	normal | compact	normal compact	https://w3c.github.io/mathml-core/#propdef-math-style
max-block-size	none | <box-size> | <anchor-size()>	none stretch contain min-content max-content fit-content width height block inline self-block self-inline	https://drafts.csswg.org/css-sizing-3/#propdef-max-block-size
max-height	none | <box-size> | <anchor-size()>	none stretch contain min-content max-content fit-content width height block inline self-block self-inline	https://drafts.csswg.org/css-sizing-3/#propdef-max-height
max-inline-size	none | <box-size> | <anchor-size()>	none stretch contain min-content max-content fit-content width height block inline self-block self-inline	https://drafts.csswg.org/css-sizing-3/#propdef-max-inline-size
max-lines	none | <integer [1,∞]>	none	https://drafts.csswg.org/css-overflow-4/#propdef-max-lines
max-size	<'max-width'> <'max-height'>?	none stretch contain min-content max-content fit-content width height block inline self-block self-inline	https://drafts.csswg.org/css-sizing-4/#propdef-max-size
max-width	none | <box-size> | <anchor-size()>	none stretch contain min-content max-content fit-content width height block inline self-block self-inline	https://drafts.csswg.org/css-sizing-3/#propdef-max-width
min-block-size	auto | <box-size> | <anchor-size()>	auto stretch contain min-content max-content fit-content width height block inline self-block self-inline	https://drafts.csswg.org/css-sizing-3/#propdef-min-block-size
min-height	auto | <box-size> | <anchor-size()>	auto stretch contain min-content max-content fit-content width height block inline self-block self-inline	https://drafts.csswg.org/css-sizing-3/#propdef-min-height
min-inline-size	auto | <box-size> | <anchor-size()>	auto stretch contain min-content max-content fit-content width height block inline self-block self-inline	https://drafts.csswg.org/css-sizing-3/#propdef-min-inline-size
min-intrinsic-sizing	legacy | zero-if-scroll || zero-if-extrinsic	legacy zero-if-scroll zero-if-extrinsic	https://drafts.csswg.org/css-sizing-4/#propdef-min-intrinsic-sizing
min-size	<'min-width'> <'min-height'>?	auto stretch contain min-content max-content fit-content width height block inline self-block self-inline	https://drafts.csswg.org/css-sizing-4/#propdef-min-size
min-width	auto | <box-size> | <anchor-size()>	auto stretch contain min-content max-content fit-content width height block inline self-block self-inline	https://drafts.csswg.org/css-sizing-3/#propdef-min-width
mix-blend-mode	<blend-mode> | plus-lighter	normal darken multiply color-burn lighten screen color-dodge overlay soft-light hard-light difference exclusion hue saturation color luminosity plus-lighter	https://drafts.csswg.org/compositing-2/#propdef-mix-blend-mode
nav-down	auto | <id> [ current | root | <target-name> ]?	auto current root	https://drafts.csswg.org/css-ui-4/#propdef-nav-down
nav-left	auto | <id> [ current | root | <target-name> ]?	auto current root	https://drafts.csswg.org/css-ui-4/#propdef-nav-left
nav-right	auto | <id> [ current | root | <target-name> ]?	auto current root	https://drafts.csswg.org/css-ui-4/#propdef-nav-right
nav-up	auto | <id> [ current | root | <target-name> ]?	auto current root	https://drafts.csswg.org/css-ui-4/#propdef-nav-up
object-fit	fill | none | [contain | cover] || scale-down	fill none contain cover scale-down	https://drafts.csswg.org/css-images-4/#propdef-object-fit
object-position	<position>	left center right top bottom x-start x-end y-start y-end block-start block-end inline-start inline-end start end	https://drafts.csswg.org/css-images-3/#propdef-object-position
object-view-box	none | <basic-shape-rect>	none	https://drafts.csswg.org/css-images-5/#propdef-object-view-box
offset	[ <'offset-position'>? [ <'offset-path'> [ <'offset-distance'> || <'offset-rotate'> ]? ]? ]! [ / <'offset-anchor'> ]?	normal auto left center right top bottom x-start x-end y-start y-end block-start block-end inline-start inline-end start end none content-box padding-box border-box fill-box stroke-box view-box reverse	https://drafts.csswg.org/motion-1/#propdef-offset
offset-anchor	auto | <position>	auto left center right top bottom x-start x-end y-start y-end block-start block-end inline-start inline-end start end	https://drafts.csswg.org/motion-1/#propdef-offset-anchor
offset-distance	<length-percentage>		https://drafts.csswg.org/motion-1/#propdef-offset-distance
offset-path	none | <offset-path> || <coord-box>	none content-box padding-box border-box fill-box stroke-box view-box	https://drafts.csswg.org/motion-1/#propdef-offset-path
offset-position	normal | auto | <position>	normal auto left center right top bottom x-start x-end y-start y-end block-start block-end inline-start inline-end start end	https://drafts.csswg.org/motion-1/#propdef-offset-position
offset-rotate	[ auto | reverse ] || <angle>	auto reverse	https://drafts.csswg.org/motion-1/#propdef-offset-rotate
opacity	<opacity-value>		https://drafts.csswg.org/css-color-4/#propdef-opacity
order	<integer>		https://drafts.csswg.org/css-display-4/#propdef-order
orphans	<integer [1,∞]>		https://drafts.csswg.org/css-break-4/#propdef-orphans
outline	<'outline-width'> || <'outline-style'> || <'outline-color'>	hairline thin medium thick auto none dotted dashed solid double groove ridge inset outset aliceblue antiquewhite aqua aquamarine azure beige bisque black blanchedalmond blue blueviolet brown burlywood cadetblue chartreuse chocolate coral cornflowerblue cornsilk crimson cyan darkblue darkcyan darkgoldenrod darkgray darkgreen darkgrey darkkhaki darkmagenta darkolivegreen darkorange darkorchid darkred darksalmon darkseagreen darkslateblue darkslategray darkslategrey darkturquoise darkviolet deeppink deepskyblue dimgray dimgrey dodgerblue firebrick floralwhite forestgreen fuchsia gainsboro ghostwhite gold goldenrod gray green greenyellow grey honeydew hotpink indianred indigo ivory khaki lavender lavenderblush lawngreen lemonchiffon lightblue lightcoral lightcyan lightgoldenrodyellow lightgray lightgreen lightgrey lightpink lightsalmon lightseagreen lightskyblue lightslategray lightslategrey lightsteelblue lightyellow lime limegreen linen magenta maroon mediumaquamarine mediumblue mediumorchid mediumpurple mediumseagreen mediumslateblue mediumspringgreen mediumturquoise mediumvioletred midnightblue mintcream mistyrose moccasin navajowhite navy oldlace olive olivedrab orange orangered orchid palegoldenrod palegreen paleturquoise palevioletred papayawhip peachpuff peru pink plum powderblue purple rebeccapurple red rosybrown royalblue saddlebrown salmon sandybrown seagreen seashell sienna silver skyblue slateblue slategray slategrey snow springgreen steelblue tan teal thistle tomato turquoise violet wheat white whitesmoke yellow yellowgreen transparent currentColor AccentColor AccentColorText ActiveText ButtonBorder ButtonFace ButtonText Canvas CanvasText Field FieldText GrayText Highlight HighlightText LinkText Mark MarkText SelectedItem SelectedItemText VisitedText ActiveBorder ActiveCaption AppWorkspace Background ButtonHighlight ButtonShadow CaptionText InactiveBorder InactiveCaption InactiveCaptionText InfoBackground InfoText Menu MenuText Scrollbar ThreeDDarkShadow ThreeDFace	https://drafts.csswg.org/css-ui-4/#propdef-outline
outline-color	auto | <'border-top-color'>	aliceblue antiquewhite aqua aquamarine azure beige bisque black blanchedalmond blue blueviolet brown burlywood cadetblue chartreuse chocolate coral cornflowerblue cornsilk crimson cyan darkblue darkcyan darkgoldenrod darkgray darkgreen darkgrey darkkhaki darkmagenta darkolivegreen darkorange darkorchid darkred darksalmon darkseagreen darkslateblue darkslategray darkslategrey darkturquoise darkviolet deeppink deepskyblue dimgray dimgrey dodgerblue firebrick floralwhite forestgreen fuchsia gainsboro ghostwhite gold goldenrod gray green greenyellow grey honeydew hotpink indianred indigo ivory khaki lavender lavenderblush lawngreen lemonchiffon lightblue lightcoral lightcyan lightgoldenrodyellow lightgray lightgreen lightgrey lightpink lightsalmon lightseagreen lightskyblue lightslategray lightslategrey lightsteelblue lightyellow lime limegreen linen magenta maroon mediumaquamarine mediumblue mediumorchid mediumpurple mediumseagreen mediumslateblue mediumspringgreen mediumturquoise mediumvioletred midnightblue mintcream mistyrose moccasin navajowhite navy oldlace olive olivedrab orange orangered orchid palegoldenrod palegreen paleturquoise palevioletred papayawhip peachpuff peru pink plum powderblue purple rebeccapurple red rosybrown royalblue saddlebrown salmon sandybrown seagreen seashell sienna silver skyblue slateblue slategray slategrey snow springgreen steelblue tan teal thistle tomato turquoise violet wheat white whitesmoke yellow yellowgreen transparent currentColor AccentColor AccentColorText ActiveText ButtonBorder ButtonFace ButtonText Canvas CanvasText Field FieldText GrayText Highlight HighlightText LinkText Mark MarkText SelectedItem SelectedItemText VisitedText ActiveBorder ActiveCaption AppWorkspace Background ButtonHighlight ButtonShadow CaptionText InactiveBorder InactiveCaption InactiveCaptionText InfoBackground InfoText Menu MenuText Scrollbar ThreeDDarkShadow ThreeDFace ThreeDHighlight ThreeDLightShadow ThreeDShadow Window WindowFrame WindowText image-1D auto	https://drafts.csswg.org/css-ui-4/#propdef-outline-color
outline-offset	<length>		https://drafts.csswg.org/css-ui-4/#propdef-outline-offset
outline-style	auto | <outline-line-style>	auto none dotted dashed solid double groove ridge inset outset	https://drafts.csswg.org/css-ui-4/#propdef-outline-style
outline-width	<line-width>	hairline thin medium thick	https://drafts.csswg.org/css-ui-4/#propdef-outline-width
overflow	<'overflow-block'>{1,2}	visible hidden clip scroll auto	https://drafts.csswg.org/css-overflow-3/#propdef-overflow
overflow-anchor	auto | none	auto none	https://drafts.csswg.org/css-scroll-anchoring-1/#propdef-overflow-anchor
overflow-block	visible | hidden | clip | scroll | auto	visible hidden clip scroll auto	https://drafts.csswg.org/css-overflow-3/#propdef-overflow-block
overflow-clip-margin	<visual-box> || <length>	content-box padding-box border-box	https://drafts.csswg.org/css-overflow-4/#propdef-overflow-clip-margin
overflow-clip-margin-block	<visual-box> || <length>	content-box padding-box border-box	https://drafts.csswg.org/css-overflow-4/#propdef-overflow-clip-margin-block
overflow-clip-margin-block-end	<visual-box> || <length>	content-box padding-box border-box	https://drafts.csswg.org/css-overflow-4/#propdef-overflow-clip-margin-block-end
overflow-clip-margin-block-start	<visual-box> || <length>	content-box padding-box border-box	https://drafts.csswg.org/css-overflow-4/#propdef-overflow-clip-margin-block-start
overflow-clip-margin-bottom	<visual-box> || <length>	content-box padding-box border-box	https://drafts.csswg.org/css-overflow-4/#propdef-overflow-clip-margin-bottom
overflow-clip-margin-inline	<visual-box> || <length>	content-box padding-box border-box	https://drafts.csswg.org/css-overflow-4/#propdef-overflow-clip-margin-inline
overflow-clip-margin-inline-end	<visual-box> || <length>	content-box padding-box border-box	https://drafts.csswg.org/css-overflow-4/#propdef-overflow-clip-margin-inline-end
overflow-clip-margin-inline-start	<visual-box> || <length>	content-box padding-box border-box	https://drafts.csswg.org/css-overflow-4/#propdef-overflow-clip-margin-inline-start
overflow-clip-margin-left	<visual-box> || <length>	content-box padding-box border-box	https://drafts.csswg.org/css-overflow-4/#propdef-overflow-clip-margin-left
overflow-clip-margin-right	<visual-box> || <length>	content-box padding-box border-box	https://drafts.csswg.org/css-overflow-4/#propdef-overflow-clip-margin-right
overflow-clip-margin-top	<visual-box> || <length>	content-box padding-box border-box	https://drafts.csswg.org/css-overflow-4/#propdef-overflow-clip-margin-top
overflow-inline	visible | hidden | clip | scroll | auto	visible hidden clip scroll auto	https://drafts.csswg.org/css-overflow-3/#propdef-overflow-inline
overflow-wrap	normal | break-word | anywhere	normal break-word anywhere	https://drafts.csswg.org/css-text-4/#propdef-overflow-wrap
overflow-x	visible | hidden | clip | scroll | auto	visible hidden clip scroll auto	https://drafts.csswg.org/css-overflow-3/#propdef-overflow-x
overflow-y	visible | hidden | clip | scroll | auto	visible hidden clip scroll auto	https://drafts.csswg.org/css-overflow-3/#propdef-overflow-y
overlay	none | auto	none auto	https://drafts.csswg.org/css-position-4/#propdef-overlay
overscroll-behavior	[ contain | none | auto | chain ]{1,2}	contain none auto chain	https://drafts.csswg.org/css-overscroll-1/#propdef-overscroll-behavior
overscroll-behavior-block	contain | none | auto | chain	contain none auto chain	https://drafts.csswg.org/css-overscroll-1/#propdef-overscroll-behavior-block
overscroll-behavior-inline	contain | none | auto | chain	contain none auto chain	https://drafts.csswg.org/css-overscroll-1/#propdef-overscroll-behavior-inline
overscroll-behavior-x	contain | none | auto | chain	contain none auto chain	https://drafts.csswg.org/css-overscroll-1/#propdef-overscroll-behavior-x
overscroll-behavior-y	contain | none | auto | chain	contain none auto chain	https://drafts.csswg.org/css-overscroll-1/#propdef-overscroll-behavior-y
padding	<'padding-top'>{1,4}		https://drafts.csswg.org/css-box-4/#propdef-padding
padding-block	<'padding-top'>{1,2}		https://drafts.csswg.org/css-logical-1/#propdef-padding-block
padding-block-end	<'padding-top'>		https://drafts.csswg.org/css-logical-1/#propdef-padding-block-end
padding-block-start	<'padding-top'>		https://drafts.csswg.org/css-logical-1/#propdef-padding-block-start
padding-bottom	<length-percentage [0,∞]>		https://drafts.csswg.org/css-box-4/#propdef-padding-bottom
padding-inline	<'padding-top'>{1,2}		https://drafts.csswg.org/css-logical-1/#propdef-padding-inline
padding-inline-end	<'padding-top'>		https://drafts.csswg.org/css-logical-1/#propdef-padding-inline-end
padding-inline-start	<'padding-top'>		https://drafts.csswg.org/css-logical-1/#propdef-padding-inline-start
padding-left	<length-percentage [0,∞]>		https://drafts.csswg.org/css-box-4/#propdef-padding-left
padding-right	<length-percentage [0,∞]>		https://drafts.csswg.org/css-box-4/#propdef-padding-right
padding-top	<length-percentage [0,∞]>		https://drafts.csswg.org/css-box-4/#propdef-padding-top
page	auto | <custom-ident>	auto	https://drafts.csswg.org/css-page-3/#propdef-page
page-break-after	auto | always | avoid | left | right | inherit	auto always avoid left right inherit	https://drafts.csswg.org/css2/#propdef-page-break-after
page-break-before	auto | always | avoid | left | right | inherit	auto always avoid left right inherit	https://drafts.csswg.org/css2/#propdef-page-break-before
page-break-inside	avoid | auto | inherit	avoid auto inherit	https://drafts.csswg.org/css2/#propdef-page-break-inside
paint-order	normal | [ fill || stroke || markers ]	normal fill stroke markers	https://w3c.github.io/svgwg/svg2-draft/painting.html#PaintOrderProperty
path-length	none | <length> [0,∞]	none	https://w3c.github.io/svgwg/svg2-draft/paths.html#PathLengthCSSProperty
pause	<'pause-before'> <'pause-after'>?	none x-weak weak medium strong x-strong	https://drafts.csswg.org/css-speech-1/#propdef-pause
pause-after	<time [0s,∞]> | none | x-weak | weak | medium | strong | x-strong	none x-weak weak medium strong x-strong	https://drafts.csswg.org/css-speech-1/#propdef-pause-after
pause-before	<time [0s,∞]> | none | x-weak | weak | medium | strong | x-strong	none x-weak weak medium strong x-strong	https://drafts.csswg.org/css-speech-1/#propdef-pause-before
perspective	none | <length [0,∞]>	none	https://drafts.csswg.org/css-transforms-2/#propdef-perspective
perspective-origin	<position>	left center right top bottom x-start x-end y-start y-end block-start block-end inline-start inline-end start end	https://drafts.csswg.org/css-transforms-2/#propdef-perspective-origin
place-content	<'align-content'> <'justify-content'>?	normal first last baseline space-between space-around space-evenly stretch unsafe safe center start end flex-start flex-end left right	https://drafts.csswg.org/css-align-3/#propdef-place-content
place-items	<'align-items'> <'justify-items'>?	normal stretch first last baseline unsafe safe center start end self-start self-end flex-start flex-end left right legacy	https://drafts.csswg.org/css-align-3/#propdef-place-items
place-self	<'align-self'> <'justify-self'>?	auto unsafe safe normal center start end self-start self-end flex-start flex-end stretch first last baseline anchor-center left right	https://drafts.csswg.org/css-align-3/#propdef-place-self
pointer-events	auto | bounding-box | visiblePainted | visibleFill | visibleStroke | visible | painted | fill | stroke | all | none	auto bounding-box visiblePainted visibleFill visibleStroke visible painted fill stroke all none	https://w3c.github.io/svgwg/svg2-draft/interact.html#PointerEventsProperty
pointer-timeline	[ <'pointer-timeline-name'> <'pointer-timeline-axis'>? ]#	none block inline x y	https://drafts.csswg.org/pointer-animations-1/#propdef-pointer-timeline
pointer-timeline-axis	[ block | inline | x | y ]#	block inline x y	https://drafts.csswg.org/pointer-animations-1/#propdef-pointer-timeline-axis
pointer-timeline-name	[ none | <dashed-ident> ]#	none	https://drafts.csswg.org/pointer-animations-1/#propdef-pointer-timeline-name
position	static | relative | absolute | sticky | fixed | <running()>	static relative absolute sticky fixed	https://drafts.csswg.org/css-position-3/#propdef-position
position-anchor	normal | none | auto | <anchor-name> | match-parent	normal none auto match-parent	https://drafts.csswg.org/css-anchor-position-1/#propdef-position-anchor
position-area	none | <position-area>	none left center right span-left span-right x-start x-end span-x-start span-x-end self-x-start self-x-end span-self-x-start span-self-x-end span-all top bottom span-top span-bottom y-start y-end span-y-start span-y-end self-y-start self-y-end span-self-y-start span-self-y-end block-start block-end span-block-start span-block-end inline-start inline-end span-inline-start span-inline-end self-block-start self-block-end span-self-block-start span-self-block-end self-inline-start self-inline-end span-self-inline-start span-self-inline-end start end span-start span-end self-start self-end span-self-start span-self-end	https://drafts.csswg.org/css-anchor-position-1/#propdef-position-area
position-try	<'position-try-order'>? <'position-try-fallbacks'>	normal most-width most-height most-block-size most-inline-size none flip-block flip-inline flip-start flip-x flip-y left center right span-left span-right x-start x-end span-x-start span-x-end self-x-start self-x-end span-self-x-start span-self-x-end span-all top bottom span-top span-bottom y-start y-end span-y-start span-y-end self-y-start self-y-end span-self-y-start span-self-y-end block-start block-end span-block-start span-block-end inline-start inline-end span-inline-start span-inline-end self-block-start self-block-end span-self-block-start span-self-block-end self-inline-start self-inline-end span-self-inline-start span-self-inline-end start end span-start span-end self-start self-end span-self-start span-self-end	https://drafts.csswg.org/css-anchor-position-1/#propdef-position-try
position-try-fallbacks	none | [ [<dashed-ident> || <try-tactic>] | <position-area> ]#	none flip-block flip-inline flip-start flip-x flip-y left center right span-left span-right x-start x-end span-x-start span-x-end self-x-start self-x-end span-self-x-start span-self-x-end span-all top bottom span-top span-bottom y-start y-end span-y-start span-y-end self-y-start self-y-end span-self-y-start span-self-y-end block-start block-end span-block-start span-block-end inline-start inline-end span-inline-start span-inline-end self-block-start self-block-end span-self-block-start span-self-block-end self-inline-start self-inline-end span-self-inline-start span-self-inline-end start end span-start span-end self-start self-end span-self-start span-self-end	https://drafts.csswg.org/css-anchor-position-1/#propdef-position-try-fallbacks
position-try-order	normal | <try-size>	normal most-width most-height most-block-size most-inline-size	https://drafts.csswg.org/css-anchor-position-1/#propdef-position-try-order
position-visibility	always | [ anchor-valid || anchor-visible || no-overflow ]	always anchor-valid anchor-visible no-overflow	https://drafts.csswg.org/css-anchor-position-1/#propdef-position-visibility
print-color-adjust	economy | exact	economy exact	https://drafts.csswg.org/css-color-adjust-1/#propdef-print-color-adjust
quotes	auto | none | match-parent | [ <string> <string> ]+	auto none match-parent	https://drafts.csswg.org/css-content-3/#propdef-quotes
r	<length-percentage>		https://w3c.github.io/svgwg/svg2-draft/geometry.html#RProperty
reading-flow	normal | source-order | flex-visual | flex-flow | grid-rows | grid-columns | grid-order	normal source-order flex-visual flex-flow grid-rows grid-columns grid-order	https://drafts.csswg.org/css-display-4/#propdef-reading-flow
reading-order	<integer>		https://drafts.csswg.org/css-display-4/#propdef-reading-order
region-fragment	auto | break	auto break	https://drafts.csswg.org/css-regions-1/#propdef-region-fragment
resize	none | both | horizontal | vertical | block | inline	none both horizontal vertical block inline	https://drafts.csswg.org/css-ui-4/#propdef-resize
rest	<'rest-before'> <'rest-after'>?	none x-weak weak medium strong x-strong	https://drafts.csswg.org/css-speech-1/#propdef-rest
rest-after	<time [0s,∞]> | none | x-weak | weak | medium | strong | x-strong	none x-weak weak medium strong x-strong	https://drafts.csswg.org/css-speech-1/#propdef-rest-after
rest-before	<time [0s,∞]> | none | x-weak | weak | medium | strong | x-strong	none x-weak weak medium strong x-strong	https://drafts.csswg.org/css-speech-1/#propdef-rest-before
right	auto | <length-percentage> | <anchor()> | <anchor-size()>	auto width height block inline self-block self-inline	https://drafts.csswg.org/css-position-3/#propdef-right
rotate	none | <angle> | [ x | y | z | <number>{3} ] && <angle>	none x y z	https://drafts.csswg.org/css-transforms-2/#propdef-rotate
row-gap	normal | <length-percentage [0,∞]> | <line-width>	normal hairline thin medium thick	https://drafts.csswg.org/css-gaps-1/#propdef-row-gap
row-rule	<gap-rule-list> | <gap-auto-rule-list>	hairline thin medium thick none hidden dotted dashed solid double groove ridge inset outset aliceblue antiquewhite aqua aquamarine azure beige bisque black blanchedalmond blue blueviolet brown burlywood cadetblue chartreuse chocolate coral cornflowerblue cornsilk crimson cyan darkblue darkcyan darkgoldenrod darkgray darkgreen darkgrey darkkhaki darkmagenta darkolivegreen darkorange darkorchid darkred darksalmon darkseagreen darkslateblue darkslategray darkslategrey darkturquoise darkviolet deeppink deepskyblue dimgray dimgrey dodgerblue firebrick floralwhite forestgreen fuchsia gainsboro ghostwhite gold goldenrod gray green greenyellow grey honeydew hotpink indianred indigo ivory khaki lavender lavenderblush lawngreen lemonchiffon lightblue lightcoral lightcyan lightgoldenrodyellow lightgray lightgreen lightgrey lightpink lightsalmon lightseagreen lightskyblue lightslategray lightslategrey lightsteelblue lightyellow lime limegreen linen magenta maroon mediumaquamarine mediumblue mediumorchid mediumpurple mediumseagreen mediumslateblue mediumspringgreen mediumturquoise mediumvioletred midnightblue mintcream mistyrose moccasin navajowhite navy oldlace olive olivedrab orange orangered orchid palegoldenrod palegreen paleturquoise palevioletred papayawhip peachpuff peru pink plum powderblue purple rebeccapurple red rosybrown royalblue saddlebrown salmon sandybrown seagreen seashell sienna silver skyblue slateblue slategray slategrey snow springgreen steelblue tan teal thistle tomato turquoise violet wheat white whitesmoke yellow yellowgreen transparent currentColor AccentColor AccentColorText ActiveText ButtonBorder ButtonFace ButtonText Canvas CanvasText Field FieldText GrayText Highlight HighlightText LinkText Mark MarkText SelectedItem SelectedItemText VisitedText ActiveBorder ActiveCaption AppWorkspace Background ButtonHighlight ButtonShadow CaptionText InactiveBorder InactiveCaption InactiveCaptionText InfoBackground InfoText Menu MenuText Scrollbar ThreeDDarkShadow ThreeDFace	https://drafts.csswg.org/css-gaps-1/#propdef-row-rule
row-rule-break	none | normal | intersection	none normal intersection	https://drafts.csswg.org/css-gaps-1/#propdef-row-rule-break
row-rule-color	<line-color-list> | <auto-line-color-list>	aliceblue antiquewhite aqua aquamarine azure beige bisque black blanchedalmond blue blueviolet brown burlywood cadetblue chartreuse chocolate coral cornflowerblue cornsilk crimson cyan darkblue darkcyan darkgoldenrod darkgray darkgreen darkgrey darkkhaki darkmagenta darkolivegreen darkorange darkorchid darkred darksalmon darkseagreen darkslateblue darkslategray darkslategrey darkturquoise darkviolet deeppink deepskyblue dimgray dimgrey dodgerblue firebrick floralwhite forestgreen fuchsia gainsboro ghostwhite gold goldenrod gray green greenyellow grey honeydew hotpink indianred indigo ivory khaki lavender lavenderblush lawngreen lemonchiffon lightblue lightcoral lightcyan lightgoldenrodyellow lightgray lightgreen lightgrey lightpink lightsalmon lightseagreen lightskyblue lightslategray lightslategrey lightsteelblue lightyellow lime limegreen linen magenta maroon mediumaquamarine mediumblue mediumorchid mediumpurple mediumseagreen mediumslateblue mediumspringgreen mediumturquoise mediumvioletred midnightblue mintcream mistyrose moccasin navajowhite navy oldlace olive olivedrab orange orangered orchid palegoldenrod palegreen paleturquoise palevioletred papayawhip peachpuff peru pink plum powderblue purple rebeccapurple red rosybrown royalblue saddlebrown salmon sandybrown seagreen seashell sienna silver skyblue slateblue slategray slategrey snow springgreen steelblue tan teal thistle tomato turquoise violet wheat white whitesmoke yellow yellowgreen transparent currentColor AccentColor AccentColorText ActiveText ButtonBorder ButtonFace ButtonText Canvas CanvasText Field FieldText GrayText Highlight HighlightText LinkText Mark MarkText SelectedItem SelectedItemText VisitedText ActiveBorder ActiveCaption AppWorkspace Background ButtonHighlight ButtonShadow CaptionText InactiveBorder InactiveCaption InactiveCaptionText InfoBackground InfoText Menu MenuText Scrollbar ThreeDDarkShadow ThreeDFace ThreeDHighlight ThreeDLightShadow ThreeDShadow Window WindowFrame WindowText auto	https://drafts.csswg.org/css-gaps-1/#propdef-row-rule-color
row-rule-inset	<'column-rule-inset-cap'> [ / <'column-rule-inset-junction'> ]?	overlap-join	https://drafts.csswg.org/css-gaps-1/#propdef-row-rule-inset
row-rule-inset-cap	<inset-value> <inset-value>?	overlap-join	https://drafts.csswg.org/css-gaps-1/#propdef-row-rule-inset-cap
row-rule-inset-cap-end	<inset-value>	overlap-join	https://drafts.csswg.org/css-gaps-1/#propdef-row-rule-inset-cap-end
row-rule-inset-cap-start	<inset-value>	overlap-join	https://drafts.csswg.org/css-gaps-1/#propdef-row-rule-inset-cap-start
row-rule-inset-end	<inset-value>	overlap-join	https://drafts.csswg.org/css-gaps-1/#propdef-row-rule-inset-end
row-rule-inset-junction	<inset-value> <inset-value>?	overlap-join	https://drafts.csswg.org/css-gaps-1/#propdef-row-rule-inset-junction
row-rule-inset-junction-end	<inset-value>	overlap-join	https://drafts.csswg.org/css-gaps-1/#propdef-row-rule-inset-junction-end
row-rule-inset-junction-start	<inset-value>	overlap-join	https://drafts.csswg.org/css-gaps-1/#propdef-row-rule-inset-junction-start
row-rule-inset-start	<inset-value>	overlap-join	https://drafts.csswg.org/css-gaps-1/#propdef-row-rule-inset-start
row-rule-style	<line-style-list> | <auto-line-style-list>	none hidden dotted dashed solid double groove ridge inset outset auto	https://drafts.csswg.org/css-gaps-1/#propdef-row-rule-style
row-rule-visibility-items	all | around | between | normal	all around between normal	https://drafts.csswg.org/css-gaps-1/#propdef-row-rule-visibility-items
row-rule-width	<line-width-list> | <auto-line-width-list>	hairline thin medium thick auto	https://drafts.csswg.org/css-gaps-1/#propdef-row-rule-width
ruby-align	start | center | space-between | space-around	start center space-between space-around	https://drafts.csswg.org/css-ruby-1/#propdef-ruby-align
ruby-merge	separate | merge | auto	separate merge auto	https://drafts.csswg.org/css-ruby-1/#propdef-ruby-merge
ruby-overhang	auto | spaces	auto spaces	https://drafts.csswg.org/css-ruby-1/#propdef-ruby-overhang
ruby-position	[ alternate || [ over | under ] ] | inter-character	alternate over under inter-character	https://drafts.csswg.org/css-ruby-1/#propdef-ruby-position
rule	<'column-rule'>	hairline thin medium thick none hidden dotted dashed solid double groove ridge inset outset aliceblue antiquewhite aqua aquamarine azure beige bisque black blanchedalmond blue blueviolet brown burlywood cadetblue chartreuse chocolate coral cornflowerblue cornsilk crimson cyan darkblue darkcyan darkgoldenrod darkgray darkgreen darkgrey darkkhaki darkmagenta darkolivegreen darkorange darkorchid darkred darksalmon darkseagreen darkslateblue darkslategray darkslategrey darkturquoise darkviolet deeppink deepskyblue dimgray dimgrey dodgerblue firebrick floralwhite forestgreen fuchsia gainsboro ghostwhite gold goldenrod gray green greenyellow grey honeydew hotpink indianred indigo ivory khaki lavender lavenderblush lawngreen lemonchiffon lightblue lightcoral lightcyan lightgoldenrodyellow lightgray lightgreen lightgrey lightpink lightsalmon lightseagreen lightskyblue lightslategray lightslategrey lightsteelblue lightyellow lime limegreen linen magenta maroon mediumaquamarine mediumblue mediumorchid mediumpurple mediumseagreen mediumslateblue mediumspringgreen mediumturquoise mediumvioletred midnightblue mintcream mistyrose moccasin navajowhite navy oldlace olive olivedrab orange orangered orchid palegoldenrod palegreen paleturquoise palevioletred papayawhip peachpuff peru pink plum powderblue purple rebeccapurple red rosybrown royalblue saddlebrown salmon sandybrown seagreen seashell sienna silver skyblue slateblue slategray slategrey snow springgreen steelblue tan teal thistle tomato turquoise violet wheat white whitesmoke yellow yellowgreen transparent currentColor AccentColor AccentColorText ActiveText ButtonBorder ButtonFace ButtonText Canvas CanvasText Field FieldText GrayText Highlight HighlightText LinkText Mark MarkText SelectedItem SelectedItemText VisitedText ActiveBorder ActiveCaption AppWorkspace Background ButtonHighlight ButtonShadow CaptionText InactiveBorder InactiveCaption InactiveCaptionText InfoBackground InfoText Menu MenuText Scrollbar ThreeDDarkShadow ThreeDFace	https://drafts.csswg.org/css-gaps-1/#propdef-rule
rule-break	<'column-rule-break'>	none normal intersection	https://drafts.csswg.org/css-gaps-1/#propdef-rule-break
rule-color	<'column-rule-color'>	aliceblue antiquewhite aqua aquamarine azure beige bisque black blanchedalmond blue blueviolet brown burlywood cadetblue chartreuse chocolate coral cornflowerblue cornsilk crimson cyan darkblue darkcyan darkgoldenrod darkgray darkgreen darkgrey darkkhaki darkmagenta darkolivegreen darkorange darkorchid darkred darksalmon darkseagreen darkslateblue darkslategray darkslategrey darkturquoise darkviolet deeppink deepskyblue dimgray dimgrey dodgerblue firebrick floralwhite forestgreen fuchsia gainsboro ghostwhite gold goldenrod gray green greenyellow grey honeydew hotpink indianred indigo ivory khaki lavender lavenderblush lawngreen lemonchiffon lightblue lightcoral lightcyan lightgoldenrodyellow lightgray lightgreen lightgrey lightpink lightsalmon lightseagreen lightskyblue lightslategray lightslategrey lightsteelblue lightyellow lime limegreen linen magenta maroon mediumaquamarine mediumblue mediumorchid mediumpurple mediumseagreen mediumslateblue mediumspringgreen mediumturquoise mediumvioletred midnightblue mintcream mistyrose moccasin navajowhite navy oldlace olive olivedrab orange orangered orchid palegoldenrod palegreen paleturquoise palevioletred papayawhip peachpuff peru pink plum powderblue purple rebeccapurple red rosybrown royalblue saddlebrown salmon sandybrown seagreen seashell sienna silver skyblue slateblue slategray slategrey snow springgreen steelblue tan teal thistle tomato turquoise violet wheat white whitesmoke yellow yellowgreen transparent currentColor AccentColor AccentColorText ActiveText ButtonBorder ButtonFace ButtonText Canvas CanvasText Field FieldText GrayText Highlight HighlightText LinkText Mark MarkText SelectedItem SelectedItemText VisitedText ActiveBorder ActiveCaption AppWorkspace Background ButtonHighlight ButtonShadow CaptionText InactiveBorder InactiveCaption InactiveCaptionText InfoBackground InfoText Menu MenuText Scrollbar ThreeDDarkShadow ThreeDFace ThreeDHighlight ThreeDLightShadow ThreeDShadow Window WindowFrame WindowText auto	https://drafts.csswg.org/css-gaps-1/#propdef-rule-color
rule-inset	<'column-rule-inset'>	overlap-join	https://drafts.csswg.org/css-gaps-1/#propdef-rule-inset
rule-inset-cap	<'column-rule-inset-cap'>	overlap-join	https://drafts.csswg.org/css-gaps-1/#propdef-rule-inset-cap
rule-inset-end	<'column-rule-inset-end'>	overlap-join	https://drafts.csswg.org/css-gaps-1/#propdef-rule-inset-end
rule-inset-junction	<'column-rule-inset-junction'>	overlap-join	https://drafts.csswg.org/css-gaps-1/#propdef-rule-inset-junction
rule-inset-start	<'column-rule-inset-start'>	overlap-join	https://drafts.csswg.org/css-gaps-1/#propdef-rule-inset-start
rule-overlap	row-over-column | column-over-row	row-over-column column-over-row	https://drafts.csswg.org/css-gaps-1/#propdef-rule-overlap
rule-style	<'column-rule-style'>	none hidden dotted dashed solid double groove ridge inset outset auto	https://drafts.csswg.org/css-gaps-1/#propdef-rule-style
rule-visibility-items	<'column-rule-visibility-items'>	all around between normal	https://drafts.csswg.org/css-gaps-1/#propdef-rule-visibility-items
rule-width	<'column-rule-width'>	hairline thin medium thick auto	https://drafts.csswg.org/css-gaps-1/#propdef-rule-width
rx	<length-percentage> | auto	auto	https://w3c.github.io/svgwg/svg2-draft/geometry.html#RxProperty
ry	<length-percentage> | auto	auto	https://w3c.github.io/svgwg/svg2-draft/geometry.html#RyProperty
scale	none | [ <number> | <percentage> ]{1,3}	none	https://drafts.csswg.org/css-transforms-2/#propdef-scale
scroll-axis-lock	auto | none	auto none	https://drafts.csswg.org/css-overflow-5/#propdef-scroll-axis-lock
scroll-behavior	auto | smooth	auto smooth	https://drafts.csswg.org/css-overflow-3/#propdef-scroll-behavior
scroll-initial-target	none | nearest	none nearest	https://drafts.csswg.org/css-scroll-snap-2/#propdef-scroll-initial-target
scroll-margin	<length>{1,4}		https://drafts.csswg.org/css-scroll-snap-1/#propdef-scroll-margin
scroll-margin-block	<length>{1,2}		https://drafts.csswg.org/css-scroll-snap-1/#propdef-scroll-margin-block
scroll-margin-block-end	<length>		https://drafts.csswg.org/css-scroll-snap-1/#propdef-scroll-margin-block-end
scroll-margin-block-start	<length>		https://drafts.csswg.org/css-scroll-snap-1/#propdef-scroll-margin-block-start
scroll-margin-bottom	<length>		https://drafts.csswg.org/css-scroll-snap-1/#propdef-scroll-margin-bottom
scroll-margin-inline	<length>{1,2}		https://drafts.csswg.org/css-scroll-snap-1/#propdef-scroll-margin-inline
scroll-margin-inline-end	<length>		https://drafts.csswg.org/css-scroll-snap-1/#propdef-scroll-margin-inline-end
scroll-margin-inline-start	<length>		https://drafts.csswg.org/css-scroll-snap-1/#propdef-scroll-margin-inline-start
scroll-margin-left	<length>		https://drafts.csswg.org/css-scroll-snap-1/#propdef-scroll-margin-left
scroll-margin-right	<length>		https://drafts.csswg.org/css-scroll-snap-1/#propdef-scroll-margin-right
scroll-margin-top	<length>		https://drafts.csswg.org/css-scroll-snap-1/#propdef-scroll-margin-top
scroll-marker-group	none | [ [ before | after ] || [ links | tabs ] ]	none before after links tabs	https://drafts.csswg.org/css-overflow-5/#propdef-scroll-marker-group
scroll-padding	[ auto | <length-percentage [0,∞]> ]{1,4}	auto	https://drafts.csswg.org/css-scroll-snap-1/#propdef-scroll-padding
scroll-padding-block	[ auto | <length-percentage [0,∞]> ]{1,2}	auto	https://drafts.csswg.org/css-scroll-snap-1/#propdef-scroll-padding-block
scroll-padding-block-end	auto | <length-percentage [0,∞]>	auto	https://drafts.csswg.org/css-scroll-snap-1/#propdef-scroll-padding-block-end
scroll-padding-block-start	auto | <length-percentage [0,∞]>	auto	https://drafts.csswg.org/css-scroll-snap-1/#propdef-scroll-padding-block-start
scroll-padding-bottom	auto | <length-percentage [0,∞]>	auto	https://drafts.csswg.org/css-scroll-snap-1/#propdef-scroll-padding-bottom
scroll-padding-inline	[ auto | <length-percentage [0,∞]> ]{1,2}	auto	https://drafts.csswg.org/css-scroll-snap-1/#propdef-scroll-padding-inline
scroll-padding-inline-end	auto | <length-percentage [0,∞]>	auto	https://drafts.csswg.org/css-scroll-snap-1/#propdef-scroll-padding-inline-end
scroll-padding-inline-start	auto | <length-percentage [0,∞]>	auto	https://drafts.csswg.org/css-scroll-snap-1/#propdef-scroll-padding-inline-start
scroll-padding-left	auto | <length-percentage [0,∞]>	auto	https://drafts.csswg.org/css-scroll-snap-1/#propdef-scroll-padding-left
scroll-padding-right	auto | <length-percentage [0,∞]>	auto	https://drafts.csswg.org/css-scroll-snap-1/#propdef-scroll-padding-right
scroll-padding-top	auto | <length-percentage [0,∞]>	auto	https://drafts.csswg.org/css-scroll-snap-1/#propdef-scroll-padding-top
scroll-snap-align	[ none | start | end | center ]{1,2}	none start end center	https://drafts.csswg.org/css-scroll-snap-1/#propdef-scroll-snap-align
scroll-snap-stop	normal | always	normal always	https://drafts.csswg.org/css-scroll-snap-1/#propdef-scroll-snap-stop
scroll-snap-type	none | [ x | y | block | inline | both | pair ] [ mandatory | proximity ]?	none x y block inline both pair mandatory proximity	https://drafts.csswg.org/css-scroll-snap-1/#propdef-scroll-snap-type
scroll-target-group	none | auto	none auto	https://drafts.csswg.org/css-overflow-5/#propdef-scroll-target-group
scroll-timeline	[ <'scroll-timeline-name'> <'scroll-timeline-axis'>? ]#	none block inline x y	https://drafts.csswg.org/scroll-animations-1/#propdef-scroll-timeline
scroll-timeline-axis	[ block | inline | x | y ]#	block inline x y	https://drafts.csswg.org/scroll-animations-1/#propdef-scroll-timeline-axis
scroll-timeline-name	[ none | <dashed-ident> ]#	none	https://drafts.csswg.org/scroll-animations-1/#propdef-scroll-timeline-name
scrollbar-color	auto | <color>{2}	auto aliceblue antiquewhite aqua aquamarine azure beige bisque black blanchedalmond blue blueviolet brown burlywood cadetblue chartreuse chocolate coral cornflowerblue cornsilk crimson cyan darkblue darkcyan darkgoldenrod darkgray darkgreen darkgrey darkkhaki darkmagenta darkolivegreen darkorange darkorchid darkred darksalmon darkseagreen darkslateblue darkslategray darkslategrey darkturquoise darkviolet deeppink deepskyblue dimgray dimgrey dodgerblue firebrick floralwhite forestgreen fuchsia gainsboro ghostwhite gold goldenrod gray green greenyellow grey honeydew hotpink indianred indigo ivory khaki lavender lavenderblush lawngreen lemonchiffon lightblue lightcoral lightcyan lightgoldenrodyellow lightgray lightgreen lightgrey lightpink lightsalmon lightseagreen lightskyblue lightslategray lightslategrey lightsteelblue lightyellow lime limegreen linen magenta maroon mediumaquamarine mediumblue mediumorchid mediumpurple mediumseagreen mediumslateblue mediumspringgreen mediumturquoise mediumvioletred midnightblue mintcream mistyrose moccasin navajowhite navy oldlace olive olivedrab orange orangered orchid palegoldenrod palegreen paleturquoise palevioletred papayawhip peachpuff peru pink plum powderblue purple rebeccapurple red rosybrown royalblue saddlebrown salmon sandybrown seagreen seashell sienna silver skyblue slateblue slategray slategrey snow springgreen steelblue tan teal thistle tomato turquoise violet wheat white whitesmoke yellow yellowgreen transparent currentColor AccentColor AccentColorText ActiveText ButtonBorder ButtonFace ButtonText Canvas CanvasText Field FieldText GrayText Highlight HighlightText LinkText Mark MarkText SelectedItem SelectedItemText VisitedText ActiveBorder ActiveCaption AppWorkspace Background ButtonHighlight ButtonShadow CaptionText InactiveBorder InactiveCaption InactiveCaptionText InfoBackground InfoText Menu MenuText Scrollbar ThreeDDarkShadow ThreeDFace ThreeDHighlight ThreeDLightShadow ThreeDShadow Window WindowFrame WindowText	https://drafts.csswg.org/css-scrollbars-1/#propdef-scrollbar-color
scrollbar-gutter	auto | stable && both-edges?	auto stable both-edges	https://drafts.csswg.org/css-overflow-3/#propdef-scrollbar-gutter
scrollbar-width	auto | thin | none	auto thin none	https://drafts.csswg.org/css-scrollbars-1/#propdef-scrollbar-width
shape-image-threshold	<opacity-value>		https://drafts.csswg.org/css-shapes-1/#propdef-shape-image-threshold
shape-inside	auto | outside-shape | [ <basic-shape> || shape-box ] | <image> | display	auto outside-shape shape-box display	https://drafts.csswg.org/css-shapes-2/#propdef-shape-inside
shape-margin	<length-percentage [0,∞]>		https://drafts.csswg.org/css-shapes-1/#propdef-shape-margin
shape-outside	none | [ <basic-shape> || <shape-box> ] | <image>	none content-box padding-box border-box margin-box half-border-box	https://drafts.csswg.org/css-shapes-1/#propdef-shape-outside
shape-padding	<length-percentage [0,∞]>		https://drafts.csswg.org/css-shapes-2/#propdef-shape-padding
shape-rendering	auto | optimizeSpeed | crispEdges | geometricPrecision	auto optimizeSpeed crispEdges geometricPrecision	https://w3c.github.io/svgwg/svg2-draft/painting.html#ShapeRenderingProperty
size	<'width'> <'height'>?	auto stretch contain min-content max-content fit-content width height block inline self-block self-inline	https://drafts.csswg.org/css-sizing-4/#propdef-size
slider-orientation	auto | left-to-right | right-to-left | top-to-bottom | bottom-to-top	auto left-to-right right-to-left top-to-bottom bottom-to-top	https://drafts.csswg.org/css-forms-1/#propdef-slider-orientation
spatial-navigation-action	auto | focus | scroll	auto focus scroll	https://drafts.csswg.org/css-spatial-nav-1/#propdef-spatial-navigation-action
spatial-navigation-contain	auto | contain	auto contain	https://drafts.csswg.org/css-spatial-nav-1/#propdef-spatial-navigation-contain
spatial-navigation-function	normal | grid	normal grid	https://drafts.csswg.org/css-spatial-nav-1/#propdef-spatial-navigation-function
speak	auto | never | always	auto never always	https://drafts.csswg.org/css-speech-1/#propdef-speak
speak-as	normal | spell-out || digits || [ literal-punctuation | no-punctuation ]	normal spell-out digits literal-punctuation no-punctuation	https://drafts.csswg.org/css-speech-1/#propdef-speak-as
stop-color	<'color'>	aliceblue antiquewhite aqua aquamarine azure beige bisque black blanchedalmond blue blueviolet brown burlywood cadetblue chartreuse chocolate coral cornflowerblue cornsilk crimson cyan darkblue darkcyan darkgoldenrod darkgray darkgreen darkgrey darkkhaki darkmagenta darkolivegreen darkorange darkorchid darkred darksalmon darkseagreen darkslateblue darkslategray darkslategrey darkturquoise darkviolet deeppink deepskyblue dimgray dimgrey dodgerblue firebrick floralwhite forestgreen fuchsia gainsboro ghostwhite gold goldenrod gray green greenyellow grey honeydew hotpink indianred indigo ivory khaki lavender lavenderblush lawngreen lemonchiffon lightblue lightcoral lightcyan lightgoldenrodyellow lightgray lightgreen lightgrey lightpink lightsalmon lightseagreen lightskyblue lightslategray lightslategrey lightsteelblue lightyellow lime limegreen linen magenta maroon mediumaquamarine mediumblue mediumorchid mediumpurple mediumseagreen mediumslateblue mediumspringgreen mediumturquoise mediumvioletred midnightblue mintcream mistyrose moccasin navajowhite navy oldlace olive olivedrab orange orangered orchid palegoldenrod palegreen paleturquoise palevioletred papayawhip peachpuff peru pink plum powderblue purple rebeccapurple red rosybrown royalblue saddlebrown salmon sandybrown seagreen seashell sienna silver skyblue slateblue slategray slategrey snow springgreen steelblue tan teal thistle tomato turquoise violet wheat white whitesmoke yellow yellowgreen transparent currentColor AccentColor AccentColorText ActiveText ButtonBorder ButtonFace ButtonText Canvas CanvasText Field FieldText GrayText Highlight HighlightText LinkText Mark MarkText SelectedItem SelectedItemText VisitedText ActiveBorder ActiveCaption AppWorkspace Background ButtonHighlight ButtonShadow CaptionText InactiveBorder InactiveCaption InactiveCaptionText InfoBackground InfoText Menu MenuText Scrollbar ThreeDDarkShadow ThreeDFace ThreeDHighlight ThreeDLightShadow ThreeDShadow Window WindowFrame WindowText	https://w3c.github.io/svgwg/svg2-draft/pservers.html#StopColorProperty
stop-opacity	<'opacity'>		https://w3c.github.io/svgwg/svg2-draft/pservers.html#StopOpacityProperty
string-set	none | [ <custom-ident> <string>+ ]#	none	https://drafts.csswg.org/css-content-3/#propdef-string-set
stroke	<paint>	none child	https://w3c.github.io/svgwg/svg2-draft/painting.html#StrokeProperty
stroke-align	center | inset | outset	center inset outset	https://drafts.csswg.org/fill-stroke-3/#propdef-stroke-align
stroke-alignment	center | inner | outer	center inner outer	https://svgwg.org/specs/strokes/#StrokeAlignmentProperty
stroke-break	bounding-box | slice | clone	bounding-box slice clone	https://drafts.csswg.org/fill-stroke-3/#propdef-stroke-break
stroke-color	<color>#	aliceblue antiquewhite aqua aquamarine azure beige bisque black blanchedalmond blue blueviolet brown burlywood cadetblue chartreuse chocolate coral cornflowerblue cornsilk crimson cyan darkblue darkcyan darkgoldenrod darkgray darkgreen darkgrey darkkhaki darkmagenta darkolivegreen darkorange darkorchid darkred darksalmon darkseagreen darkslateblue darkslategray darkslategrey darkturquoise darkviolet deeppink deepskyblue dimgray dimgrey dodgerblue firebrick floralwhite forestgreen fuchsia gainsboro ghostwhite gold goldenrod gray green greenyellow grey honeydew hotpink indianred indigo ivory khaki lavender lavenderblush lawngreen lemonchiffon lightblue lightcoral lightcyan lightgoldenrodyellow lightgray lightgreen lightgrey lightpink lightsalmon lightseagreen lightskyblue lightslategray lightslategrey lightsteelblue lightyellow lime limegreen linen magenta maroon mediumaquamarine mediumblue mediumorchid mediumpurple mediumseagreen mediumslateblue mediumspringgreen mediumturquoise mediumvioletred midnightblue mintcream mistyrose moccasin navajowhite navy oldlace olive olivedrab orange orangered orchid palegoldenrod palegreen paleturquoise palevioletred papayawhip peachpuff peru pink plum powderblue purple rebeccapurple red rosybrown royalblue saddlebrown salmon sandybrown seagreen seashell sienna silver skyblue slateblue slategray slategrey snow springgreen steelblue tan teal thistle tomato turquoise violet wheat white whitesmoke yellow yellowgreen transparent currentColor AccentColor AccentColorText ActiveText ButtonBorder ButtonFace ButtonText Canvas CanvasText Field FieldText GrayText Highlight HighlightText LinkText Mark MarkText SelectedItem SelectedItemText VisitedText ActiveBorder ActiveCaption AppWorkspace Background ButtonHighlight ButtonShadow CaptionText InactiveBorder InactiveCaption InactiveCaptionText InfoBackground InfoText Menu MenuText Scrollbar ThreeDDarkShadow ThreeDFace ThreeDHighlight ThreeDLightShadow ThreeDShadow Window WindowFrame WindowText	https://drafts.csswg.org/fill-stroke-3/#propdef-stroke-color
stroke-dash-corner	none | <length>	none	https://drafts.csswg.org/fill-stroke-3/#propdef-stroke-dash-corner
stroke-dash-justify	none | [ stretch | compress ] || [ dashes || gaps ]	none stretch compress dashes gaps	https://drafts.csswg.org/fill-stroke-3/#propdef-stroke-dash-justify
stroke-dashadjust	none | [stretch | compress] [dashes | gaps]?	none stretch compress dashes gaps	https://svgwg.org/specs/strokes/#StrokeDashadjustProperty
stroke-dasharray	none | [<length-percentage> | <number>]+#	none	https://drafts.csswg.org/fill-stroke-3/#propdef-stroke-dasharray
stroke-dashcorner	none | <length>	none	https://svgwg.org/specs/strokes/#StrokeDashcornerProperty
stroke-dashoffset	<length-percentage> | <number>		https://drafts.csswg.org/fill-stroke-3/#propdef-stroke-dashoffset
stroke-image	<paint>#	none child	https://drafts.csswg.org/fill-stroke-3/#propdef-stroke-image
stroke-linecap	butt | round | square	butt round square	https://drafts.csswg.org/fill-stroke-3/#propdef-stroke-linecap
stroke-linejoin	[ crop | arcs | miter ] || [ bevel | round | fallback ]	crop arcs miter bevel round fallback	https://drafts.csswg.org/fill-stroke-3/#propdef-stroke-linejoin
stroke-miterlimit	<number>		https://drafts.csswg.org/fill-stroke-3/#propdef-stroke-miterlimit
stroke-opacity	<'opacity'>		https://drafts.csswg.org/fill-stroke-3/#propdef-stroke-opacity
stroke-origin	match-parent | fill-box | stroke-box | content-box | padding-box | border-box	match-parent fill-box stroke-box content-box padding-box border-box	https://drafts.csswg.org/fill-stroke-3/#propdef-stroke-origin
stroke-position	<position>#	left center right top bottom x-start x-end y-start y-end block-start block-end inline-start inline-end start end	https://drafts.csswg.org/fill-stroke-3/#propdef-stroke-position
stroke-repeat	<repeat-style>#	repeat-x repeat-y repeat-block repeat-inline repeat space round no-repeat	https://drafts.csswg.org/fill-stroke-3/#propdef-stroke-repeat
stroke-size	<bg-size>#	auto cover contain	https://drafts.csswg.org/fill-stroke-3/#propdef-stroke-size
stroke-width	[ <length-percentage> | <line-width> | <number> ]#	hairline thin medium thick	https://drafts.csswg.org/fill-stroke-3/#propdef-stroke-width
tab-size	<number [0,∞]> | <length [0,∞]>		https://drafts.csswg.org/css-text-4/#propdef-tab-size
table-layout	auto | fixed	auto fixed	https://drafts.csswg.org/css-tables-3/#propdef-table-layout
text-align	start | end | left | right | center | <string> | justify | match-parent | justify-all	start end left right center justify match-parent justify-all	https://drafts.csswg.org/css-text-4/#propdef-text-align
text-align-all	start | end | left | right | center | <string> | justify | match-parent	start end left right center justify match-parent	https://drafts.csswg.org/css-text-4/#propdef-text-align-all
text-align-last	auto | start | end | left | right | center | justify | match-parent	auto start end left right center justify match-parent	https://drafts.csswg.org/css-text-4/#propdef-text-align-last
text-anchor	start | middle | end	start middle end	https://w3c.github.io/svgwg/svg2-draft/text.html#TextAnchorProperty
text-autospace	normal | <autospace> | auto	normal no-autospace ideograph-alpha ideograph-numeric punctuation insert replace auto	https://drafts.csswg.org/css-text-4/#propdef-text-autospace
text-box	normal | <'text-box-trim'> || <'text-box-edge'>	none trim-start trim-end trim-both auto text ideographic ideographic-ink cap ex alphabetic normal	https://drafts.csswg.org/css-inline-3/#propdef-text-box
text-box-edge	auto | <text-edge>	auto text ideographic ideographic-ink cap ex alphabetic	https://drafts.csswg.org/css-inline-3/#propdef-text-box-edge
text-box-trim	none | trim-start | trim-end | trim-both	none trim-start trim-end trim-both	https://drafts.csswg.org/css-inline-3/#propdef-text-box-trim
text-combine-upright	none | all | [ digits <integer [2,4]>? ]	none all digits	https://drafts.csswg.org/css-writing-modes-4/#propdef-text-combine-upright
text-decoration	<'text-decoration-line'> || <'text-decoration-thickness'> || <'text-decoration-style'> || <'text-decoration-color'>	none underline overline line-through blink spelling-error grammar-error auto from-font hairline thin medium thick solid double dotted dashed wavy aliceblue antiquewhite aqua aquamarine azure beige bisque black blanchedalmond blue blueviolet brown burlywood cadetblue chartreuse chocolate coral cornflowerblue cornsilk crimson cyan darkblue darkcyan darkgoldenrod darkgray darkgreen darkgrey darkkhaki darkmagenta darkolivegreen darkorange darkorchid darkred darksalmon darkseagreen darkslateblue darkslategray darkslategrey darkturquoise darkviolet deeppink deepskyblue dimgray dimgrey dodgerblue firebrick floralwhite forestgreen fuchsia gainsboro ghostwhite gold goldenrod gray green greenyellow grey honeydew hotpink indianred indigo ivory khaki lavender lavenderblush lawngreen lemonchiffon lightblue lightcoral lightcyan lightgoldenrodyellow lightgray lightgreen lightgrey lightpink lightsalmon lightseagreen lightskyblue lightslategray lightslategrey lightsteelblue lightyellow lime limegreen linen magenta maroon mediumaquamarine mediumblue mediumorchid mediumpurple mediumseagreen mediumslateblue mediumspringgreen mediumturquoise mediumvioletred midnightblue mintcream mistyrose moccasin navajowhite navy oldlace olive olivedrab orange orangered orchid palegoldenrod palegreen paleturquoise palevioletred papayawhip peachpuff peru pink plum powderblue purple rebeccapurple red rosybrown royalblue saddlebrown salmon sandybrown seagreen seashell sienna silver skyblue slateblue slategray slategrey snow springgreen steelblue tan teal thistle tomato turquoise violet wheat white whitesmoke yellow yellowgreen transparent currentColor AccentColor AccentColorText ActiveText ButtonBorder ButtonFace ButtonText Canvas CanvasText Field FieldText GrayText Highlight HighlightText LinkText Mark MarkText SelectedItem SelectedItemText VisitedText ActiveBorder ActiveCaption AppWorkspace Background ButtonHighlight ButtonShadow CaptionText InactiveBorder InactiveCaption InactiveCaptionText InfoBackground InfoText Menu	https://drafts.csswg.org/css-text-decor-4/#propdef-text-decoration
text-decoration-color	<color>	aliceblue antiquewhite aqua aquamarine azure beige bisque black blanchedalmond blue blueviolet brown burlywood cadetblue chartreuse chocolate coral cornflowerblue cornsilk crimson cyan darkblue darkcyan darkgoldenrod darkgray darkgreen darkgrey darkkhaki darkmagenta darkolivegreen darkorange darkorchid darkred darksalmon darkseagreen darkslateblue darkslategray darkslategrey darkturquoise darkviolet deeppink deepskyblue dimgray dimgrey dodgerblue firebrick floralwhite forestgreen fuchsia gainsboro ghostwhite gold goldenrod gray green greenyellow grey honeydew hotpink indianred indigo ivory khaki lavender lavenderblush lawngreen lemonchiffon lightblue lightcoral lightcyan lightgoldenrodyellow lightgray lightgreen lightgrey lightpink lightsalmon lightseagreen lightskyblue lightslategray lightslategrey lightsteelblue lightyellow lime limegreen linen magenta maroon mediumaquamarine mediumblue mediumorchid mediumpurple mediumseagreen mediumslateblue mediumspringgreen mediumturquoise mediumvioletred midnightblue mintcream mistyrose moccasin navajowhite navy oldlace olive olivedrab orange orangered orchid palegoldenrod palegreen paleturquoise palevioletred papayawhip peachpuff peru pink plum powderblue purple rebeccapurple red rosybrown royalblue saddlebrown salmon sandybrown seagreen seashell sienna silver skyblue slateblue slategray slategrey snow springgreen steelblue tan teal thistle tomato turquoise violet wheat white whitesmoke yellow yellowgreen transparent currentColor AccentColor AccentColorText ActiveText ButtonBorder ButtonFace ButtonText Canvas CanvasText Field FieldText GrayText Highlight HighlightText LinkText Mark MarkText SelectedItem SelectedItemText VisitedText ActiveBorder ActiveCaption AppWorkspace Background ButtonHighlight ButtonShadow CaptionText InactiveBorder InactiveCaption InactiveCaptionText InfoBackground InfoText Menu MenuText Scrollbar ThreeDDarkShadow ThreeDFace ThreeDHighlight ThreeDLightShadow ThreeDShadow Window WindowFrame WindowText	https://drafts.csswg.org/css-text-decor-4/#propdef-text-decoration-color
text-decoration-inset	<length-percentage>{1,2} | auto	auto	https://drafts.csswg.org/css-text-decor-4/#propdef-text-decoration-inset
text-decoration-line	none | [ underline || overline || line-through || blink ] | spelling-error | grammar-error	none underline overline line-through blink spelling-error grammar-error	https://drafts.csswg.org/css-text-decor-4/#propdef-text-decoration-line
text-decoration-skip	none | auto	none auto	https://drafts.csswg.org/css-text-decor-4/#propdef-text-decoration-skip
text-decoration-skip-box	none | all	none all	https://drafts.csswg.org/css-text-decor-4/#propdef-text-decoration-skip-box
text-decoration-skip-ink	auto | none | all	auto none all	https://drafts.csswg.org/css-text-decor-4/#propdef-text-decoration-skip-ink
text-decoration-skip-self	auto | skip-all | [ skip-underline || skip-overline || skip-line-through ] | no-skip	auto skip-all skip-underline skip-overline skip-line-through no-skip	https://drafts.csswg.org/css-text-decor-4/#propdef-text-decoration-skip-self
text-decoration-skip-spaces	none | all | [ start || end ]	none all start end	https://drafts.csswg.org/css-text-decor-4/#propdef-text-decoration-skip-spaces
text-decoration-style	solid | double | dotted | dashed | wavy	solid double dotted dashed wavy	https://drafts.csswg.org/css-text-decor-4/#propdef-text-decoration-style
text-decoration-thickness	auto | from-font | <length-percentage> | <line-width>	auto from-font hairline thin medium thick	https://drafts.csswg.org/css-text-decor-4/#propdef-text-decoration-thickness
text-emphasis	<'text-emphasis-style'> || <'text-emphasis-color'>	none filled open dot circle double-circle triangle sesame aliceblue antiquewhite aqua aquamarine azure beige bisque black blanchedalmond blue blueviolet brown burlywood cadetblue chartreuse chocolate coral cornflowerblue cornsilk crimson cyan darkblue darkcyan darkgoldenrod darkgray darkgreen darkgrey darkkhaki darkmagenta darkolivegreen darkorange darkorchid darkred darksalmon darkseagreen darkslateblue darkslategray darkslategrey darkturquoise darkviolet deeppink deepskyblue dimgray dimgrey dodgerblue firebrick floralwhite forestgreen fuchsia gainsboro ghostwhite gold goldenrod gray green greenyellow grey honeydew hotpink indianred indigo ivory khaki lavender lavenderblush lawngreen lemonchiffon lightblue lightcoral lightcyan lightgoldenrodyellow lightgray lightgreen lightgrey lightpink lightsalmon lightseagreen lightskyblue lightslategray lightslategrey lightsteelblue lightyellow lime limegreen linen magenta maroon mediumaquamarine mediumblue mediumorchid mediumpurple mediumseagreen mediumslateblue mediumspringgreen mediumturquoise mediumvioletred midnightblue mintcream mistyrose moccasin navajowhite navy oldlace olive olivedrab orange orangered orchid palegoldenrod palegreen paleturquoise palevioletred papayawhip peachpuff peru pink plum powderblue purple rebeccapurple red rosybrown royalblue saddlebrown salmon sandybrown seagreen seashell sienna silver skyblue slateblue slategray slategrey snow springgreen steelblue tan teal thistle tomato turquoise violet wheat white whitesmoke yellow yellowgreen transparent currentColor AccentColor AccentColorText ActiveText ButtonBorder ButtonFace ButtonText Canvas CanvasText Field FieldText GrayText Highlight HighlightText LinkText Mark MarkText SelectedItem SelectedItemText VisitedText ActiveBorder ActiveCaption AppWorkspace Background ButtonHighlight ButtonShadow CaptionText InactiveBorder InactiveCaption InactiveCaptionText InfoBackground InfoText Menu MenuText Scrollbar ThreeDDarkShadow ThreeDFace ThreeDHighlight ThreeDLightShadow ThreeDShadow Window WindowFrame WindowText	https://drafts.csswg.org/css-text-decor-4/#propdef-text-emphasis
text-emphasis-color	<color>	aliceblue antiquewhite aqua aquamarine azure beige bisque black blanchedalmond blue blueviolet brown burlywood cadetblue chartreuse chocolate coral cornflowerblue cornsilk crimson cyan darkblue darkcyan darkgoldenrod darkgray darkgreen darkgrey darkkhaki darkmagenta darkolivegreen darkorange darkorchid darkred darksalmon darkseagreen darkslateblue darkslategray darkslategrey darkturquoise darkviolet deeppink deepskyblue dimgray dimgrey dodgerblue firebrick floralwhite forestgreen fuchsia gainsboro ghostwhite gold goldenrod gray green greenyellow grey honeydew hotpink indianred indigo ivory khaki lavender lavenderblush lawngreen lemonchiffon lightblue lightcoral lightcyan lightgoldenrodyellow lightgray lightgreen lightgrey lightpink lightsalmon lightseagreen lightskyblue lightslategray lightslategrey lightsteelblue lightyellow lime limegreen linen magenta maroon mediumaquamarine mediumblue mediumorchid mediumpurple mediumseagreen mediumslateblue mediumspringgreen mediumturquoise mediumvioletred midnightblue mintcream mistyrose moccasin navajowhite navy oldlace olive olivedrab orange orangered orchid palegoldenrod palegreen paleturquoise palevioletred papayawhip peachpuff peru pink plum powderblue purple rebeccapurple red rosybrown royalblue saddlebrown salmon sandybrown seagreen seashell sienna silver skyblue slateblue slategray slategrey snow springgreen steelblue tan teal thistle tomato turquoise violet wheat white whitesmoke yellow yellowgreen transparent currentColor AccentColor AccentColorText ActiveText ButtonBorder ButtonFace ButtonText Canvas CanvasText Field FieldText GrayText Highlight HighlightText LinkText Mark MarkText SelectedItem SelectedItemText VisitedText ActiveBorder ActiveCaption AppWorkspace Background ButtonHighlight ButtonShadow CaptionText InactiveBorder InactiveCaption InactiveCaptionText InfoBackground InfoText Menu MenuText Scrollbar ThreeDDarkShadow ThreeDFace ThreeDHighlight ThreeDLightShadow ThreeDShadow Window WindowFrame WindowText	https://drafts.csswg.org/css-text-decor-4/#propdef-text-emphasis-color
text-emphasis-position	[ over | under ] && [ right | left ]?	over under right left	https://drafts.csswg.org/css-text-decor-4/#propdef-text-emphasis-position
text-emphasis-skip	spaces || punctuation || symbols || narrow	spaces punctuation symbols narrow	https://drafts.csswg.org/css-text-decor-4/#propdef-text-emphasis-skip
text-emphasis-style	none | [ [ filled | open ] || [ dot | circle | double-circle | triangle | sesame ] ] | <string>	none filled open dot circle double-circle triangle sesame	https://drafts.csswg.org/css-text-decor-4/#propdef-text-emphasis-style
text-fit	[ none | grow | shrink ] [consistent | per-line | per-line-all]? <percentage>?	none grow shrink consistent per-line per-line-all	https://drafts.csswg.org/css-text-5/#propdef-text-fit
text-group-align	none | start | end | left | right | center	none start end left right center	https://drafts.csswg.org/css-text-4/#propdef-text-group-align
text-indent	[ <length-percentage> ] && hanging? && each-line?	hanging each-line	https://drafts.csswg.org/css-text-4/#propdef-text-indent
text-justify	[ auto | none | inter-word | inter-character | ruby ] || no-compress	auto none inter-word inter-character ruby no-compress	https://drafts.csswg.org/css-text-4/#propdef-text-justify
text-orientation	mixed | upright | sideways	mixed upright sideways	https://drafts.csswg.org/css-writing-modes-4/#propdef-text-orientation
text-overflow	[ clip | ellipsis | <string> | fade | <fade()> ]{1,2}	clip ellipsis fade	https://drafts.csswg.org/css-overflow-4/#propdef-text-overflow
text-rendering	auto | optimizeSpeed | optimizeLegibility | geometricPrecision	auto optimizeSpeed optimizeLegibility geometricPrecision	https://w3c.github.io/svgwg/svg2-draft/painting.html#TextRenderingProperty
text-shadow	none | <shadow>#	none aliceblue antiquewhite aqua aquamarine azure beige bisque black blanchedalmond blue blueviolet brown burlywood cadetblue chartreuse chocolate coral cornflowerblue cornsilk crimson cyan darkblue darkcyan darkgoldenrod darkgray darkgreen darkgrey darkkhaki darkmagenta darkolivegreen darkorange darkorchid darkred darksalmon darkseagreen darkslateblue darkslategray darkslategrey darkturquoise darkviolet deeppink deepskyblue dimgray dimgrey dodgerblue firebrick floralwhite forestgreen fuchsia gainsboro ghostwhite gold goldenrod gray green greenyellow grey honeydew hotpink indianred indigo ivory khaki lavender lavenderblush lawngreen lemonchiffon lightblue lightcoral lightcyan lightgoldenrodyellow lightgray lightgreen lightgrey lightpink lightsalmon lightseagreen lightskyblue lightslategray lightslategrey lightsteelblue lightyellow lime limegreen linen magenta maroon mediumaquamarine mediumblue mediumorchid mediumpurple mediumseagreen mediumslateblue mediumspringgreen mediumturquoise mediumvioletred midnightblue mintcream mistyrose moccasin navajowhite navy oldlace olive olivedrab orange orangered orchid palegoldenrod palegreen paleturquoise palevioletred papayawhip peachpuff peru pink plum powderblue purple rebeccapurple red rosybrown royalblue saddlebrown salmon sandybrown seagreen seashell sienna silver skyblue slateblue slategray slategrey snow springgreen steelblue tan teal thistle tomato turquoise violet wheat white whitesmoke yellow yellowgreen transparent currentColor AccentColor AccentColorText ActiveText ButtonBorder ButtonFace ButtonText Canvas CanvasText Field FieldText GrayText Highlight HighlightText LinkText Mark MarkText SelectedItem SelectedItemText VisitedText ActiveBorder ActiveCaption AppWorkspace Background ButtonHighlight ButtonShadow CaptionText InactiveBorder InactiveCaption InactiveCaptionText InfoBackground InfoText Menu MenuText Scrollbar ThreeDDarkShadow ThreeDFace ThreeDHighlight ThreeDLightShadow ThreeDShadow Window WindowFrame WindowText inset	https://drafts.csswg.org/css-text-decor-4/#propdef-text-shadow
text-size-adjust	auto | none | <percentage [0,∞]>	auto none	https://drafts.csswg.org/css-size-adjust-1/#propdef-text-size-adjust
text-spacing	none | auto | <spacing-trim> || <autospace>	none auto space-all normal space-first trim-start trim-both trim-all no-autospace ideograph-alpha ideograph-numeric punctuation insert replace	https://drafts.csswg.org/css-text-4/#propdef-text-spacing
text-spacing-trim	<spacing-trim> | auto	space-all normal space-first trim-start trim-both trim-all auto	https://drafts.csswg.org/css-text-4/#propdef-text-spacing-trim
text-transform	none | [capitalize | uppercase | lowercase ] || full-width || full-size-kana | math-auto	none capitalize uppercase lowercase full-width full-size-kana math-auto	https://drafts.csswg.org/css-text-4/#propdef-text-transform
text-underline-offset	auto | <length-percentage>	auto	https://drafts.csswg.org/css-text-decor-4/#propdef-text-underline-offset
text-underline-position	auto | [ from-font | under ] || [ left | right ]	auto from-font under left right	https://drafts.csswg.org/css-text-decor-4/#propdef-text-underline-position
text-wrap	<'text-wrap-mode'> || <'text-wrap-style'>	wrap nowrap auto balance stable pretty avoid-short-last-line	https://drafts.csswg.org/css-text-4/#propdef-text-wrap
text-wrap-mode	wrap | nowrap	wrap nowrap	https://drafts.csswg.org/css-text-4/#propdef-text-wrap-mode
text-wrap-style	auto | balance | stable | pretty | avoid-short-last-line	auto balance stable pretty avoid-short-last-line	https://drafts.csswg.org/css-text-4/#propdef-text-wrap-style
timeline-scope	none | all | <dashed-ident>#	none all	https://drafts.csswg.org/scroll-animations-1/#propdef-timeline-scope
timeline-trigger	none | [ <'timeline-trigger-name'> <'timeline-trigger-source'> <'timeline-trigger-activation-range'> [ / <'timeline-trigger-active-range'> ]? ]#	none auto normal	https://drafts.csswg.org/animation-triggers-1/#propdef-timeline-trigger
timeline-trigger-activation-range	[ <'timeline-trigger-activation-range-start'> <'timeline-trigger-activation-range-end'>? ]#	normal	https://drafts.csswg.org/animation-triggers-1/#propdef-timeline-trigger-activation-range
timeline-trigger-activation-range-end	[ normal | <length-percentage> | <timeline-range-name> <length-percentage>? ]#	normal	https://drafts.csswg.org/animation-triggers-1/#propdef-timeline-trigger-activation-range-end
timeline-trigger-activation-range-start	[ normal | <length-percentage> | <timeline-range-name> <length-percentage>? ]#	normal	https://drafts.csswg.org/animation-triggers-1/#propdef-timeline-trigger-activation-range-start
timeline-trigger-active-range	[ <'timeline-trigger-active-range-start'> <'timeline-trigger-active-range-end'>? ]#	auto normal	https://drafts.csswg.org/animation-triggers-1/#propdef-timeline-trigger-active-range
timeline-trigger-active-range-end	[ auto | normal | <length-percentage> | <timeline-range-name> <length-percentage>? ]#	auto normal	https://drafts.csswg.org/animation-triggers-1/#propdef-timeline-trigger-active-range-end
timeline-trigger-active-range-start	[ auto | normal | <length-percentage> | <timeline-range-name> <length-percentage>? ]#	auto normal	https://drafts.csswg.org/animation-triggers-1/#propdef-timeline-trigger-active-range-start
timeline-trigger-name	none | <dashed-ident>#	none	https://drafts.csswg.org/animation-triggers-1/#propdef-timeline-trigger-name
timeline-trigger-source	[ none | auto | [ <dashed-ident> | <scroll()> | <view()> ]+ ]#	none auto	https://drafts.csswg.org/animation-triggers-1/#propdef-timeline-trigger-source
top	auto | <length-percentage> | <anchor()> | <anchor-size()>	auto width height block inline self-block self-inline	https://drafts.csswg.org/css-position-3/#propdef-top
touch-action	auto | none | [ [ pan-x | pan-left | pan-right ] || [ pan-y | pan-up | pan-down ] || pinch-zoom ] | manipulation	auto none pan-x pan-left pan-right pan-y pan-up pan-down pinch-zoom manipulation	https://compat.spec.whatwg.org/#propdef-touch-action
transform	none | <transform-list>	none	https://drafts.csswg.org/css-transforms-1/#propdef-transform
transform-box	content-box | border-box | fill-box | stroke-box | view-box	content-box border-box fill-box stroke-box view-box	https://drafts.csswg.org/css-transforms-1/#propdef-transform-box
transform-origin	[ left | center | right | top | bottom | <length-percentage> ] | [ left | center | right | <length-percentage> ] [ top | center | bottom | <length-percentage> ] <length>? | [ [ center | left | right ] && [ center | top | bottom ] ] <length>?	left center right top bottom	https://drafts.csswg.org/css-transforms-1/#propdef-transform-origin
transform-style	flat | preserve-3d	flat preserve-3d	https://drafts.csswg.org/css-transforms-2/#propdef-transform-style
transition	<single-transition>#	none all linear ease ease-in ease-out ease-in-out step-start step-end normal allow-discrete	https://drafts.csswg.org/css-transitions-1/#propdef-transition
transition-behavior	<transition-behavior-value>#	normal allow-discrete	https://drafts.csswg.org/css-transitions-2/#propdef-transition-behavior
transition-delay	<time>#		https://drafts.csswg.org/css-transitions-1/#propdef-transition-delay
transition-duration	<time [0s,∞]>#		https://drafts.csswg.org/css-transitions-1/#propdef-transition-duration
transition-property	none | <single-transition-property>#	none all	https://drafts.csswg.org/css-transitions-1/#propdef-transition-property
transition-timing-function	<easing-function>#	linear ease ease-in ease-out ease-in-out step-start step-end	https://drafts.csswg.org/css-transitions-1/#propdef-transition-timing-function
translate	none | <length-percentage> [ <length-percentage> <length>? ]?	none	https://drafts.csswg.org/css-transforms-2/#propdef-translate
trigger-scope	none | all | <dashed-ident>#	none all	https://drafts.csswg.org/animation-triggers-1/#propdef-trigger-scope
unicode-bidi	normal | embed | isolate | bidi-override | isolate-override | plaintext	normal embed isolate bidi-override isolate-override plaintext	https://drafts.csswg.org/css-writing-modes-4/#propdef-unicode-bidi
user-select	auto | text | none | contain | all	auto text none contain all	https://drafts.csswg.org/css-ui-4/#propdef-user-select
vector-effect	none | non-scaling-stroke | non-scaling-size | non-rotation | fixed-position	none non-scaling-stroke non-scaling-size non-rotation fixed-position	https://w3c.github.io/svgwg/svg2-draft/coords.html#VectorEffectProperty
vertical-align	[ first | last] || <'alignment-baseline'> || <'baseline-shift'>	baseline text-bottom alphabetic ideographic middle central mathematical hanging text-top sub super top center bottom first last	https://drafts.csswg.org/css-inline-3/#propdef-vertical-align
view-timeline	[ <'view-timeline-name'> [ <'view-timeline-axis'> || <'view-timeline-inset'> ]? ]#	none block inline x y auto	https://drafts.csswg.org/scroll-animations-1/#propdef-view-timeline
view-timeline-axis	[ block | inline | x | y ]#	block inline x y	https://drafts.csswg.org/scroll-animations-1/#propdef-view-timeline-axis
view-timeline-inset	[ [ auto | <length-percentage> ]{1,2} ]#	auto	https://drafts.csswg.org/scroll-animations-1/#propdef-view-timeline-inset
view-timeline-name	[ none | <dashed-ident> ]#	none	https://drafts.csswg.org/scroll-animations-1/#propdef-view-timeline-name
view-transition-class	none | <custom-ident>+	none	https://drafts.csswg.org/css-view-transitions-2/#propdef-view-transition-class
view-transition-group	normal | contain | nearest | <custom-ident>	normal contain nearest	https://drafts.csswg.org/css-view-transitions-2/#propdef-view-transition-group
view-transition-name	none | <custom-ident>	none	https://drafts.csswg.org/css-view-transitions-2/#propdef-view-transition-name
view-transition-scope	none | all	none all	https://drafts.csswg.org/css-view-transitions-2/#propdef-view-transition-scope
visibility	visible | hidden | force-hidden | collapse	visible hidden force-hidden collapse	https://drafts.csswg.org/css-display-4/#propdef-visibility
voice-balance	<number> | left | center | right | leftwards | rightwards	left center right leftwards rightwards	https://drafts.csswg.org/css-speech-1/#propdef-voice-balance
voice-duration	auto | <time [0s,∞]>	auto	https://drafts.csswg.org/css-speech-1/#propdef-voice-duration
voice-family	[ <voice-family-name> | <generic-voice> ]# | preserve	preserve	https://drafts.csswg.org/css-speech-1/#propdef-voice-family
voice-pitch	<frequency [0Hz,∞]> && absolute | [ [ x-low | low | medium | high | x-high ] || [ <frequency [0Hz,∞]> | <semitones> | <percentage> ] ]	absolute x-low low medium high x-high	https://drafts.csswg.org/css-speech-1/#propdef-voice-pitch
voice-range	<frequency [0Hz,∞]> && absolute | [ [ x-low | low | medium | high | x-high ] || [ <frequency [0Hz,∞]> | <semitones> | <percentage> ] ]	absolute x-low low medium high x-high	https://drafts.csswg.org/css-speech-1/#propdef-voice-range
voice-rate	[ normal | x-slow | slow | medium | fast | x-fast ] || <percentage [0,∞]>	normal x-slow slow medium fast x-fast	https://drafts.csswg.org/css-speech-1/#propdef-voice-rate
voice-stress	normal | strong | moderate | none | reduced	normal strong moderate none reduced	https://drafts.csswg.org/css-speech-1/#propdef-voice-stress
voice-volume	silent | [ [ x-soft | soft | medium | loud | x-loud ] || <decibel> ]	silent x-soft soft medium loud x-loud	https://drafts.csswg.org/css-speech-1/#propdef-voice-volume
white-space	normal | pre | pre-wrap | pre-line | <'white-space-collapse'> || <'text-wrap-mode'> || <'white-space-trim'>	collapse discard preserve preserve-breaks preserve-spaces break-spaces wrap nowrap none discard-before discard-after discard-inner normal pre pre-wrap pre-line	https://drafts.csswg.org/css-text-4/#propdef-white-space
white-space-collapse	collapse | discard | preserve | preserve-breaks | preserve-spaces | break-spaces	collapse discard preserve preserve-breaks preserve-spaces break-spaces	https://drafts.csswg.org/css-text-4/#propdef-white-space-collapse
white-space-trim	none | discard-before || discard-after || discard-inner	none discard-before discard-after discard-inner	https://drafts.csswg.org/css-text-4/#propdef-white-space-trim
widows	<integer [1,∞]>		https://drafts.csswg.org/css-break-4/#propdef-widows
width	auto | <box-size> | <anchor-size()>	auto stretch contain min-content max-content fit-content width height block inline self-block self-inline	https://drafts.csswg.org/css-sizing-3/#propdef-width
will-change	auto | <animateable-feature>#	auto scroll-position contents	https://drafts.csswg.org/css-will-change-1/#propdef-will-change
window-drag	none | move	none move	https://drafts.csswg.org/css-ui-4/#propdef-window-drag
word-break	normal | break-all | keep-all | manual | auto-phrase | break-word	normal break-all keep-all manual auto-phrase break-word	https://drafts.csswg.org/css-text-4/#propdef-word-break
word-space-transform	none | [ space | ideographic-space ] && auto-phrase?	none space ideographic-space auto-phrase	https://drafts.csswg.org/css-text-4/#propdef-word-space-transform
word-spacing	normal | <length-percentage>	normal	https://drafts.csswg.org/css-text-4/#propdef-word-spacing
word-wrap	normal | break-word | anywhere	normal break-word anywhere	https://drafts.csswg.org/css-text-4/#propdef-word-wrap
wrap-after	auto | avoid | avoid-line | avoid-flex | line | flex	auto avoid avoid-line avoid-flex line flex	https://drafts.csswg.org/css-text-4/#propdef-wrap-after
wrap-before	auto | avoid | avoid-line | avoid-flex | line | flex	auto avoid avoid-line avoid-flex line flex	https://drafts.csswg.org/css-text-4/#propdef-wrap-before
wrap-flow	auto | both | start | end | minimum | maximum | clear	auto both start end minimum maximum clear	https://drafts.csswg.org/css-exclusions-1/#propdef-wrap-flow
wrap-inside	auto | avoid	auto avoid	https://drafts.csswg.org/css-text-4/#propdef-wrap-inside
wrap-through	wrap | none	wrap none	https://drafts.csswg.org/css-exclusions-1/#propdef-wrap-through
writing-mode	horizontal-tb | vertical-rl | vertical-lr | sideways-rl | sideways-lr	horizontal-tb vertical-rl vertical-lr sideways-rl sideways-lr	https://drafts.csswg.org/css-writing-modes-4/#propdef-writing-mode
x	<length-percentage>		https://w3c.github.io/svgwg/svg2-draft/geometry.html#XProperty
y	<length-percentage>		https://w3c.github.io/svgwg/svg2-draft/geometry.html#YProperty
z-index	auto | <integer> | inherit	auto inherit	https://drafts.csswg.org/css2/#propdef-z-index
zoom	<number [0,∞]> | <percentage [0,∞]>		https://drafts.csswg.org/css-viewport/#propdef-zoom
